context,question,id,answer_start,text
投標廠商資格與特殊或巨額採購認定標準，第五條 1，機關辦理特殊或巨額採購，除依第二條規定訂定基本資格外，得視採購案件之特性及實際需要，就下列事項擇定投標廠商之特定資格，並載明於招標文件：一、具有相當經驗或實績者。其範圍得包括於截止投標日前五年内，完成與招標標的同性質或相當之工程、財物或勞務契約，其單次契約金額或數量不低於招標標的預算金額或數量之五分之二，或累計金額或數量不低於招標標的預算金額或數量，並得含採購機關（構）出具之驗收證明或敌用後功能正常之使用情形證明。二、具有相當財力者。其範圍得包括實收資本額不低於招標標的預算金額之十分之一，或經會計師簽證或審計機關審定之上一會計年度或最近一年度財務報告及其所附報表，其内容合於下列規定者·（一）權益不低於招標標的預算金額十二分之一（二）流動資産不低於流動負債。（三）總負債金額不超過權益四倍。但配合民營化政策之公營事業參加投標者，不在此限。第一項第一款及第二款所定期間、數量、金額或比例，機關不得縮限。但得視採購之性質及需要予以放寬；第二款所稱實收資本額，於有限公司、無限公司或兩合公司指資本總額。第二款第三目之總負債金額，應扣除依其他法律政府奬勵民間投資金額。機關依第一項第一款及第二款以預算金額訂定資格條件者，應於招標公告或招標文件載明預算金額。履約期間逾一年之勞務採購，其以提供勞力為主，且工作内容重複者，以第一年之預算金額訂定資格條件。,機關辦理巨額勞務採購，訂定廠商特定資格，規定投標廠商需於截止投標日前5年內，曾完成與招標標的同性質勞務契約，其屬單次契約金額之規定者，最高以招標標的預算金額之多少為限？,train_ 0,173,五分之二
第三章決標，第四十六條，機關辦理採購，除本法另有規定外，應訂定底價。底價應依圖說、規範、契約並考量成本、市場行情及政府機關決標資料逐項編列，由機關首長或其授權人員核定。前項底價之訂定時機，依下列規定辦理：一、公開招標應於開標前定之。二、選擇性招標應於資格審查後之下一階段開標前定之。三、限制性招標應於議價或比價前定之。,選擇性招標底價之訂定應於？,train_ 7,125,資格審查後之下一階段開標前定之
最有利標評選辦法，第四條 ，機關採最有利標決標者，除法令另有規定者外，應於招標文件載明下列事項：一、以合於招標文件規定之最有利標為得標廠商。二、評選項目及評審標準。其有子項者，亦應載明。三、評定最有利標之方式。四、投標文件經審查合於招標文件規定者，始得為協商及評選之對象。五、得採行協商措施者，協商時得更改之項目。六、有應予淘汰或不予評比之情形者，其情形。七、投標文件有依評選項目分別標示及編頁之必要者，其情形。八、其他必要事項。,依採購法規定，何者須報上級機關核准？,train_ 8,16,採最有利標決標
電子採購作業辦法，第十條 ，機關得於招標文件中規定廠商電子投標使用之檔案格式，或廠商列印電子招標文件投標之格式。但廠商之檔案格式或列印格式不影響讀取、辨識或使用者，機關不得拒絕。前項機關規定之檔案格式或列印格式不應限制廠商之競爭。,機關進行電子招標文件上傳時，其檔案格式或列印格式為？,train_ 9,105,不應限制廠商之競爭
最有利標評選辦法，第八條 ，機關辦理評選，對於評選項目及子項之計分，應符合下列規定；其訂有計分基準者，應載明於招標文件：一、依差異情形區分級距計分者，每一計分級距所代表之差異應明確。二、依廠商優劣情形計分者，優劣差異與計分高低應有合理之比例。三、計分應具客觀性，不得與採購目的無關，並不得以部分或全部投標廠商之投標文件內容為計分基準。機關訂定評選項目及子項之序位評比方式，準用前項規定。,機關辦理最有利標決標之採購，其採價格納入評分者，何者不是得納為評選項目之內容？,train_ 10,144,以部分或全部投標廠商之投標文件內容為計分基準
第六章爭議處理，第一百零五條  ，異議逾越法定期間者，應不予受理，並以書面通知提出異議之廠商。,依政府採購法，何者正確？,train_ 11,17,異議逾越法定期間者，應不予受理，並以書面通知提出異議之廠商
押保辦法全文，第三十三條之五 1，機關辦理採購，得於招標文件中規定優良廠商應繳納之押標金、履約保證金或保固保證金金額得予減收，其額度以不逾原定應繳總額之百分之五十為限。繳納後方為優良廠商者，不溯及適用減收規定；減收後獎勵期間屆滿者，免補繳減收之金額。前項優良廠商，指經主管機關或相關中央目的事業主管機關就其主管法令所適用之廠商，依其所定獎勵措施、獎勵期間及政府採購契約履約成果評定為優良廠商，並於評定後三個月內檢附相關資料，報主管機關，經認定而於指定之資料庫公告，且在獎勵期間內者。獎勵期間自資料庫公告日起逾二年者，以二年為限；無獎勵期間者，自資料庫公告日起一年。機關並得於招標文件就個案所適用之優良廠商種類予以限制。,機關於等標期截止後流標或廢標，並於其後多久期間內重行招標且招標文件內容未經重大改變者，等標期得予縮短，公告金額以上之採購不得少於7日？,train_ 13,201,三個月內
第六章爭議處理，第八十三條，審議判斷，視同訴願決定。,採購申訴審議判斷之效力為？,train_ 16,19,視同訴願決定
投標廠商資格與特殊或巨額採購認定標準，第四條 3，機關依第二條第二款訂定與履約能力有關之基本資格時，得依採購案件之特性及實際需要，就下列事項擇定廠商應附具之證明文件或物品：五、廠商信用之證明。如票據交換機構或受理查詢之金融機構於截止投標日之前半年内所出具之非拒絶往來户及最近三年内無退票紀鎵證明、會計師簽證之財務報表或金融機構或徵信機構出具之信用證明等。、其他法令規定或經主管機關認定者。第一項第五款無退票紀録證明，如有退票但已辦妥清償詿記者，視同無退票紀録。機關有證據顯示廠商於截止投標期限前，係拒絶往來户或有退票紀録者，依證據處理。,依採購法規定，借用或冒用他人名義或證件，或以虛偽不實之文件參加投標、訂約或履約，情節重大者被刊登於政府採購公報之廠商，於幾年內不得參加投標或作為決標對象或分包廠商？,train_ 25,137,三年
電子採購作業辦法，第二條 ，本辦法用詞定義如下：一、政府採購卡：指信用卡業務機構發給機關，用以支付政府採購價金之信用卡、轉帳卡或儲值卡。二、電子憑據：指具有數位簽章，作為收受電子招標文件、領標、收受電子投標文件、電子押標金保證書、電子保證金保證書、開標、決標、訂購及付款等之憑據。三、電子押標金保證書：指由銀行以電子簽章、簽證所出具作為押標金用途之電子文件。四、電子保證金保證書：指由銀行以電子簽章、簽證所出具作為保證金用途之電子文件。,政府採購卡由那個單位發給？,train_ 27,33,信用卡業務機構
電子採購作業辦法，第七條 ，機關提供電子招標文件，得向廠商收取必要之成本費用，其金額由招標機關定之。其另有書面文件者，不得高於書面文件發售費用。,機關提供電子招標文件，得向廠商收取必要之成本費用，其金額由何者定之？,train_ 35,43,招標機關
招標期限標準，第五條 ，機關依本法第四十九條之規定公開徵求廠商之書面報價或企劃書者，其自公告日起至截止收件日止之等標期，應訂定五日以上之合理期限。,機關依採購法第49條之規定公開徵求廠商之書面報價或企劃書者，其等標期（未提供電子領投標及公開閱覽），應訂定幾日以上之合理期限？,train_ 36,63,五日
投標廠商資格與特殊或巨額採購認定標準，第五條 1，機關辦理特殊或巨額採購，除依第二條規定訂定基本資格外，得視採購案件之特性及實際需要，就下列事項擇定投標廠商之特定資格，並載明於招標文件：一、具有相當經驗或實績者。其範圍得包括於截止投標日前五年内，完成與招標標的同性質或相當之工程、財物或勞務契約，其單次契約金額或數量不低於招標標的預算金額或數量之五分之二，或累計金額或數量不低於招標標的預算金額或數量，並得含採購機關（構）出具之驗收證明或敌用後功能正常之使用情形證明。二、具有相當財力者。其範圍得包括實收資本額不低於招標標的預算金額之十分之一，或經會計師簽證或審計機關審定之上一會計年度或最近一年度財務報告及其所附報表，其内容合於下列規定者·（一）權益不低於招標標的預算金額十二分之一（二）流動資産不低於流動負債。（三）總負債金額不超過權益四倍。但配合民營化政策之公營事業參加投標者，不在此限。第一項第一款及第二款所定期間、數量、金額或比例，機關不得縮限。但得視採購之性質及需要予以放寬；第二款所稱實收資本額，於有限公司、無限公司或兩合公司指資本總額。第二款第三目之總負債金額，應扣除依其他法律政府奬勵民間投資金額。機關依第一項第一款及第二款以預算金額訂定資格條件者，應於招標公告或招標文件載明預算金額。履約期間逾一年之勞務採購，其以提供勞力為主，且工作内容重複者，以第一年之預算金額訂定資格條件。,各機關得就何種具有共通需求特性之採購，與廠商簽訂共同供應契約？,train_ 37,140,財物或勞務
第三章決標，第五十七條  ，機關辦理公開招標，因投標廠商家數未滿三家而流標者，得發還投標文件。廠商要求發還者，機關不得拒絕。機關於開標後因故廢標，廠商要求發還投標文件者，機關得保留其中一份，其餘發還，或僅保留影本。採分段開標者，尚未開標之部分應予發還。,公開招標廢標後大幅修改招標文件後再行辦理招標必須多少家以上廠商投標始得開標？,train_ 40,32,三家
投標廠商資格與特殊或巨額採購認定標準，第四條 3，機關依第二條第二款訂定與履約能力有關之基本資格時，得依採購案件之特性及實際需要，就下列事項擇定廠商應附具之證明文件或物品：五、廠商信用之證明。如票據交換機構或受理查詢之金融機構於截止投標日之前半年内所出具之非拒絶往來户及最近三年内無退票紀鎵證明、會計師簽證之財務報表或金融機構或徵信機構出具之信用證明等。、其他法令規定或經主管機關認定者。第一項第五款無退票紀録證明，如有退票但已辦妥清償詿記者，視同無退票紀録。機關有證據顯示廠商於截止投標期限前，係拒絶往來户或有退票紀録者，依證據處理。,機關依採購法第101條規定通知廠商受停業處分期間仍參加投標，經廠商提出異議申訴審議結果並無不實者，自刊登公報之次日起幾年內不得參加投標或作為決標或分包廠商？,train_ 45,137,三年
第二章招標，第十八條，採購之招標方式，分為公開招標、選擇性招標及限制性招標。本法所稱公開招標，指以公告方式邀請不特定廠商投標。本法所稱選擇性招標，指以公告方式預先依一定資格條件辦理廠商資格審查後，再行邀請符合資格之廠商投標。本法所稱限制性招標，指不經公告程序，邀請二家以上廠商比價或僅邀請一家廠商議價。,機關依採購法第22條第1項第10款規定辦理設計競賽廠商公開評選，其投標廠商有幾家即可開標？,train_ 47,144,一家
政府採購公告及公報發行辦法，第十三條 1，依本法第六十一條規定辦理決標結果之公告，應登載下列事項：一、有案號者，其案號。二、決標機關之名稱、地址、聯絡人(或單位)及聯絡電話。三、決標標的之名稱及數量摘要。四、決標日期。五、得標廠商之名稱、地址及聯絡電話。六、決標金額。以單價決標者，為單價乘以預估數量之總金額或預估採購總金額。以轉售為目的之採購，其決標金額涉及商業機密者，得不公告決標金額，但應附記不公告之理由。採用複數決標之方式者，其每一次決標及不同標的或底價之項目，應分別刊登決標公告。未達公告金額採購之決標公告，準用前三項之規定。,機關辦理決標結果公告，以單價決標者，其決標金額為？,train_ 56,142,單價乘以預估數量之總金額
機關辦理設計競賽廠商評選及計費辦法，第十四條 ，廠商之服務費用，得於契約規定於訂約後預付一部分，其餘按月或分期支付。但各次付款金額及條件應予訂明。前項預付一部分者，以不逾契約價金總額或契約價金上限之百分之三十為原則。,保固保證金以不逾契約金額百分之多少為原則？,train_ 65,99,百分之三
電子採購作業辦法，第三條 ，機關及廠商以電子化方式辦理採購（以下簡稱電子採購），依規定應簽名或蓋章者，應以電子簽章為之。,機關及廠商以電子化方式辦理採購，依規定應簽名或蓋章者？,train_ 72,51,應以電子簽章為之
投標廠商資格與特殊或巨額採購認定標準，第八條 ，採購金額在下列金額以上者，為巨額採購：一、工程採購，為新臺幣二億元。二、財物採購，為新臺幣一億元。三、勞務採購，為新臺幣二千萬元。,工程採購之採購金額在何種金額以上，係為巨額採購？,train_ 85,51,新臺幣二億元
押保辦法全文，第三十三條之五 2，機關辦理採購，得於招標文件中規定優良廠商應繳納之押標金、履約保證金或保固保證金金額得予減收，其額度以不逾原定應繳總額之百分之五十為限。繳納後方為優良廠商者，不溯及適用減收規定；減收後獎勵期間屆滿者，免補繳減收之金額。前項得予減收之情形，機關應於招標文件規定，其有不發還押標金或保證金之情形者，廠商應就不發還金額中屬減收之金額補繳之。其經主管機關或相關中央目的事業主管機關取消優良廠商資格，或經各機關依本法第一百零二條第三項規定刊登政府採購公報，且尚在本法第一百零三條第一項所定期限內者，亦同。,機關辦理工程採購，於招標文件中規定優良廠商得予減收押標金等之減收額度以不逾原定應繳總額之若干比例為限？,train_ 86,76,百分之五十
最有利標評選辦法，第十條 ，評選最有利標，為利評選委員對廠商於各評選項目之表現為更深入之瞭解，得輔以廠商簡報及現場詢答。前項廠商簡報及現場詢答，應與評選項目有關；其列為評選項目者，所占配分或權重不得逾百分之二十。第一項簡報不得更改廠商投標文件內容。廠商另外提出變更或補充資料者，該資料應不納入評選。投標廠商未出席簡報及現場詢答者，不影響其投標文件之有效性。,評選最有利標，敘述何者正確？,train_ 90,21,為利評選委員對廠商於各評選項目之表現為更深入之瞭解，得輔以廠商簡報及現場詢答
第三章決標，第七十四條  ，決標依本法第五十二條第一項第二款規定辦理者，除小額採購外，應成立評審委員會，其成員由機關首長或其授權人員就對於採購標的之價格具有專門知識之機關職員或公正人士派兼或聘兼之。前項評審委員會之成立時機，準用本法第四十六條第二項有關底價之訂定時機。第一項評審委員會，機關得以本法第九十四條成立之評選委員會代之。,不訂底價之採購，其審查投標廠商之標價？,train_ 91,36,除小額採購外，應成立評審委員會
第二章招標，第三十四條，機關辦理採購，其招標文件於公告前應予保密。但須公開說明或藉以公開徵求廠商提供參考資料者，不在此限。機關辦理招標，不得於開標前洩漏底價，領標、投標廠商之名稱與家數及其他足以造成限制競爭或不公平競爭之相關資料。底價於開標後至決標前，仍應保密，決標後除有特殊情形外，應予公開。但機關依實際需要，得於招標文件中公告底價。機關對於廠商投標文件，除供公務上使用或法令另有規定外，應保守秘密。,機關辦理採購，敘述何者正確？,train_ 92,20,招標文件於公告前應予保密
第四章履約管理，第六十四條，採購契約得訂明因政策變更，廠商依契約繼續履行反而不符公共利益者，機關得報經上級機關核准，終止或解除部分或全部契約，並補償廠商因此所生之損失。,採購契約得訂明因政策變更，廠商依契約繼續履行反而不符公共利益者，得終止或解除部分或全部契約，但應報經核准之權責為？,train_ 96,50,經上級機關核准
採購契約要項，五十四、，採購標的於使用期間有由原供應廠商提供維修服務之必要者，其第一年使用期間之維修服務，以附於採購標的合併招標決標為原則，並得視案件性質及實際需要調整該一年使用期間。前項維修服務契約應訂明廠商須提供服務之事項、標價及價金給付方式。第一項維修服務，有於使用期間長期洽原供應廠商提供維修服務之必要者，得於契約訂明廠商每年提供此一服務之費用上限及廠商不得拒絕提供維修服務。第二項服務事項，得包括定期維護保養、零配件供應或故障修理等。,保固期內發現瑕疵者，由機關通知廠商改正。一般工程所稱上述瑕疵，通常不包括何項目？,train_ 97,207,保養
採購契約要項，四十五、，逾期違約金，為損害賠償額預定性違約金，以日為單位，擇下列方式之一計算，載明於契約，並訂明扣抵方式：(一)定額。(二)契約金額之一定比率。前項違約金，以契約價金總額之百分之二十為上限。第一項扣抵方式，機關得自應付價金中扣抵；其有不足者，得通知廠商繳納或自保證金扣抵。,逾期違約金，以契約價金總額之多少比率為上限？,train_ 101,94,百分之二十
採購申訴審議規則，第二十二條 ，審議判斷書應附記如不服審議判斷，得於審議判斷書送達之次日起二個月內，向行政法院提起行政訴訟。審議判斷書未依前項規定為附記或附記錯誤者，準用訴願法第九十一條及第九十二條規定。,有關政府採購法第101條之申訴案，廠商不服申訴審議判斷之結果者，得於審議判斷書送達之次日起2個月內，向誰提起行政訴訟？,train_ 105,51,行政法院提起行政訴訟
工程施工查核小組作業辦法，第四條 ，查核小組每年應辦理工程施工查核之件數比率以不低於當年度所屬新臺幣一百萬元以上工程標案（不含補助及委託其他機關辦理案件）之百分之十為原則，且各規模之工程應查核件數如下：一、新臺幣五千萬元以上之標案：以二十件以上為原則；當年度執行工程標案未達二十件者，則全數查核。二、新臺幣一千萬元以上未達五千萬元之標案：以十五件以上為原則；當年度執行工程標案未達十五件者，則全數查核。三、新臺幣一百萬元以上未達一千萬元之標案：以十件以上為原則；當年度執行工程標案未達十件者，則全數查核。前項各款之查核件數，必要時得經查核小組設立之機關首長核准予以調整，並報主管機關備查。第一項所定金額，為採購標案之預算金額。複數決標項目之標的不同者，依個別項目之預算金額認定之。,"機關辦理某履約期限為2年之巨額保全勞務採購，預算金額1年為新臺幣(下同)1,000萬元，合計為2,000萬元，經檢討有必要訂定具有相當財力者之特定資格條件，機關得訂定之實收資本額上限為？",train_ 107,50,一百萬元
採購評選委員會組織準則，第六條 ，本委員會成立後，其委員名單應即公開於主管機關指定之資訊網站；委員名單有變更或補充者，亦同。但經機關衡酌個案特性及實際需要，有不予公開之必要者，不在此限。機關公開委員名單者，公開前應予保密；未公開者，於開始評選前應予保密。,依採購法第93條簽訂之共同供應契約應公開於何處供各機關利用？,train_ 117,35,主管機關指定之資訊網站
政府採購公告及公報發行辦法，第十三條 1，依本法第六十一條規定辦理決標結果之公告，應登載下列事項：一、有案號者，其案號。二、決標機關之名稱、地址、聯絡人(或單位)及聯絡電話。三、決標標的之名稱及數量摘要。四、決標日期。五、得標廠商之名稱、地址及聯絡電話。六、決標金額。以單價決標者，為單價乘以預估數量之總金額或預估採購總金額。以轉售為目的之採購，其決標金額涉及商業機密者，得不公告決標金額，但應附記不公告之理由。採用複數決標之方式者，其每一次決標及不同標的或底價之項目，應分別刊登決標公告。未達公告金額採購之決標公告，準用前三項之規定。,採用複數決標之方式者，其每一次決標及不同標的或底價之項目？,train_ 120,235,應分別刊登決標公告
電子採購作業辦法，第六條 ，機關利用主管機關指定之資訊系統辦理招標文件之公開發給、發售或公開閱覽，得免另備書面文件。機關允許廠商以電子化方式辦理領標（以下簡稱電子領標）或以電子化方式辦理投標（以下簡稱電子投標）者，應於招標公告及招標文件中訂明。,機關允許廠商以電子方式領標者應於何者中訂明？,train_ 121,109,招標公告及招標文件
第二章招標，第十八條，採購之招標方式，分為公開招標、選擇性招標及限制性招標。本法所稱公開招標，指以公告方式邀請不特定廠商投標。本法所稱選擇性招標，指以公告方式預先依一定資格條件辦理廠商資格審查後，再行邀請符合資格之廠商投標。本法所稱限制性招標，指不經公告程序，邀請二家以上廠商比價或僅邀請一家廠商議價。,機關依採購法第22條規定，以「準用最有利標決標方式」辦理招標，第1次開標幾家以上合格廠商投標，方可開標？,train_ 123,144,一家
投標廠商資格與特殊或巨額採購認定標準，第三條 1，機關依前條第一款訂定與提供招標標的有關之基本資格時，得依採購案件之特性及實際需要，就下列事項擇定廠商應附具之證明文件：一、廠商登記或設立之證明。如公司登記或商業登記證明文件、非屬營利事業之法人、機構或團體依法須辦理設立登記之證明文件、工廠登記證明文件、許可登記證明文件、執業執照、開業證明、立案證明或其他由政府機關或其授權機構核發該廠商係合法登記或設立之證明文件。第一款證明，廠商得以列印公開於目的事業主管機關網站之資料代之。廠商附具之證明文件，其内容與招標文件之規定有巽，但截止投標前公開於目的事業主管機關網站之該廠商最新資料符合招標文件規定者，機關得允許廠商列印該最新資料代之。,機關傳輸招標公告後，誤點選「公共工程實施技師簽證範圍」(應為否，而點選為是)，可於何時點刊登更正招標公告？,train_ 127,263,截止投標前
中央機關未達公告金額採購招標辦法，第二條 1，未達公告金額採購之招標，其金額逾公告金額十分之一者，得以下列方式之一辦理：一、符合本法第二十二條第一項第一款至第十五款所定情形之一者，得採限制性招標。三、依本法第四十九條之規定，將公開徵求廠商提供書面報價或企劃書之公告，公開於主管機關之資訊網路或刊登於政府採購公報，以取得三家以上廠商之書面報價或企劃書，擇符合需要者辦理比價或議價。第一項第三款規定情形，機關得於公告或招標文件中訂明開標時間地點，並於開標後當場審查，逕行辦理決標。,依採購法第48條第1項規定，公開招標之第1次開標須達幾家合格廠商投標始可開標？,train_ 131,159,三家
共同投標辦法，第七條 ，機關允許共同投標時，應於招標文件中規定共同投標廠商之成員，不得對同一採購另行提出投標文件或為另一共同投標廠商之成員。但有下列情形之一者，不在此限：一、該採購涉及專利或特殊之工法或技術，為使擁有此等專利或工法、技術之廠商得為不同共同投標廠商之成員，以增加廠商競爭者。二、預估合於招標文件規定之投標廠商競爭不足，規定廠商不得為不同共同投標廠商之成員反不利競爭者。三、其他經主管機關認定者。,機關允許共同投標時，應於招標文件中規定共同投標廠商之成員，不得對同一採購另行提出投標文件或為另一共同投標廠商之成員。但有何種情形不在此限？,train_ 134,146,預估合於招標文件規定之投標廠商競爭不足，規定廠商不得為不同共同投標廠商之成員反不利競爭者
採購申訴審議規則，第二條 ，廠商對於公告金額以上採購、未達公告金額採購爭議屬本法第三十一條第二項規定不予發還或追繳押標金異議之處理結果不服，或招標機關逾本法第七十五條第二項、第八十五條第一項所定期限不為處理者，得於收受異議處理結果或處理期限屆滿之次日起十五日內，依其屬中央機關或地方機關辦理之採購，以書面分別向主管機關、直轄市或縣(市)政府所設採購申訴審議委員會(以下簡稱申訴會)申訴。廠商對機關依本法第一百零二條第一項異議之處理結果不服，或機關逾收受異議之次日起十五日期限不為處理者，無論該事件是否逾公告金額，得於收受異議處理結果或處理期限屆滿之次日起十五日內，以書面向該管申訴會申訴。直轄市或縣(市)政府未設申訴會而委請主管機關處理者，廠商得向主管機關所設申訴會申訴。,政府採購之申訴，招標機關應自收受廠商異議之次日起幾日內為適當之處理？,train_ 136,126,十五日
投標廠商資格與特殊或巨額採購認定標準，第五條 1，機關辦理特殊或巨額採購，除依第二條規定訂定基本資格外，得視採購案件之特性及實際需要，就下列事項擇定投標廠商之特定資格，並載明於招標文件：一、具有相當經驗或實績者。其範圍得包括於截止投標日前五年内，完成與招標標的同性質或相當之工程、財物或勞務契約，其單次契約金額或數量不低於招標標的預算金額或數量之五分之二，或累計金額或數量不低於招標標的預算金額或數量，並得含採購機關（構）出具之驗收證明或敌用後功能正常之使用情形證明。二、具有相當財力者。其範圍得包括實收資本額不低於招標標的預算金額之十分之一，或經會計師簽證或審計機關審定之上一會計年度或最近一年度財務報告及其所附報表，其内容合於下列規定者·（一）權益不低於招標標的預算金額十二分之一（二）流動資産不低於流動負債。（三）總負債金額不超過權益四倍。但配合民營化政策之公營事業參加投標者，不在此限。第一項第一款及第二款所定期間、數量、金額或比例，機關不得縮限。但得視採購之性質及需要予以放寬；第二款所稱實收資本額，於有限公司、無限公司或兩合公司指資本總額。第二款第三目之總負債金額，應扣除依其他法律政府奬勵民間投資金額。機關依第一項第一款及第二款以預算金額訂定資格條件者，應於招標公告或招標文件載明預算金額。履約期間逾一年之勞務採購，其以提供勞力為主，且工作内容重複者，以第一年之預算金額訂定資格條件。,各機關得就具有共通需求特性之何種採購與廠商簽訂共同供應契約？,train_ 138,140,財物或勞務
共同投標辦法，第四條 ，機關於招標文件中規定允許一定家數內之廠商共同投標者，以不超過五家為原則。機關並得就共同投標廠商各成員主辦事項之金額，於其共同投標協議書所載之比率下限予以限制。機關於招標文件中規定允許共同投標時，應並載明廠商得單獨投標。,機關委託廠商辦理專業服務，因涉及不同性質之專門技術，廠商資格規定投標廠商須具有各項專業能力之履約資格，為利工作介面管理或促進競爭，得於招標文件規定允許共同投標，惟家數以不超過幾家為原則？,train_ 146,42,五家
採購申訴審議委員會組織準則，第四條 ，申訴會置委員七人至三十五人，除主任委員、副主任委員為當然委員外，由主管機關或直轄市、縣（市）政府就本機關高級人員或具有法律或採購相關專門知識之公正人士派（聘）兼之。前項委員，由本機關高級人員兼任者最多三人，且不得超過全體委員人數五分之一第一項聘任之委員，任期二年；期滿得續聘之。,採購評選委員會應置委員人數最少為幾人？,train_ 157,30,五人
第一章總則，第 九 條  ，機關辦理查核金額以上採購之驗收，應於預定驗收日五日前，檢送結算表及相關文件，報請上級機關派員監辦。結算表及相關文件併入結算驗收證明書編送時，得免另行填送。財物之驗收，其有分批交貨、因緊急需要必須立即使用或因逐一開箱或裝配完成後方知其數量，報請上級機關派員監辦確有困難者，得視個案實際情形，事先敘明理由，函請上級機關同意後自行辦理，並於全部驗收完成後一個月內，將結算表及相關文件彙總報請上級機關備查。,機關辦理採購之開標、比價、議價、決標及驗收，應於規定期限內，檢送相關文件報請上級機關派員監辦之門檻金額，何者正確？,train_ 159,18,查核金額以上
第五章驗收，第七十三條之一1，機關辦理工程採購之付款及審核程序，除契約另有約定外，應依下列規定辦理：一、定期估驗或分階段付款者，機關應於廠商提出估驗或階段完成之證明文件後，十五日內完成審核程序，並於接到廠商提出之請款單據後，十五日內付款。前項各款所稱日數，係指實際工作日，不包括例假日、特定假日及退請受款人補正之日數。機關辦理付款及審核程序，如發現廠商有文件不符、不足或有疑義而需補正或澄清者，應一次通知澄清或補正，不得分次辦理。財物及勞務採購之付款及審核程序，準用前三項之規定。,何者屬採購法並未明定須報請主會計及有關單位監辦之情形？,train_ 162,54,估驗
第三章決標，第五十四條  ，公開招標採分段開標者，其底價應於第一階段開標前定之。限制性招標之比價，其底價應於辦理比價之開標前定之。限制性招標之議價，訂定底價前應先參考廠商之報價或估價單。依本法第四十九條採公開取得三家以上廠商之書面報價或企劃書者，其底價應於進行比價或議價前定之。,底價之訂定時機，何者為正確？,train_ 164,101,採公開取得三家以上廠商之書面報價或企劃書者，其底價應於進行比價或議價前定之
採購申訴審議委員會組織準則，第四條 ，申訴會置委員七人至三十五人，除主任委員、副主任委員為當然委員外，由主管機關或直轄市、縣（市）政府就本機關高級人員或具有法律或採購相關專門知識之公正人士派（聘）兼之。前項委員，由本機關高級人員兼任者最多三人，且不得超過全體委員人數五分之一第一項聘任之委員，任期二年；期滿得續聘之。,採購稽核小組之組織成員任期為？,train_ 166,148,二年
第二章招標，第三十二條  ，本法第三十三條第三項所稱非契約必要之點，包括下列事項：一、原招標文件已標示得更改或補充之項目。二、不列入標價評比之選購項目。三、參考性質之事項。四、其他於契約成立無影響之事項。,何者非屬機關得於招標文件中規定允許廠商於開標前補正之非契約必要之點之文件？,train_ 168,64,列入標價評比之選購項目
採購申訴審議規則，第二條 ，廠商對於公告金額以上採購、未達公告金額採購爭議屬本法第三十一條第二項規定不予發還或追繳押標金異議之處理結果不服，或招標機關逾本法第七十五條第二項、第八十五條第一項所定期限不為處理者，得於收受異議處理結果或處理期限屆滿之次日起十五日內，依其屬中央機關或地方機關辦理之採購，以書面分別向主管機關、直轄市或縣(市)政府所設採購申訴審議委員會(以下簡稱申訴會)申訴。廠商對機關依本法第一百零二條第一項異議之處理結果不服，或機關逾收受異議之次日起十五日期限不為處理者，無論該事件是否逾公告金額，得於收受異議處理結果或處理期限屆滿之次日起十五日內，以書面向該管申訴會申訴。直轄市或縣(市)政府未設申訴會而委請主管機關處理者，廠商得向主管機關所設申訴會申訴。,廠商對於招標文件異議之處理結果不服，或招標機關逾規定期限不為處理者，得向採購申訴審議委員會申訴之門檻為？,train_ 170,18,公告金額以上
工程施工查核小組作業辦法，第四條 ，查核小組每年應辦理工程施工查核之件數比率以不低於當年度所屬新臺幣一百萬元以上工程標案（不含補助及委託其他機關辦理案件）之百分之十為原則，且各規模之工程應查核件數如下：一、新臺幣五千萬元以上之標案：以二十件以上為原則；當年度執行工程標案未達二十件者，則全數查核。二、新臺幣一千萬元以上未達五千萬元之標案：以十五件以上為原則；當年度執行工程標案未達十五件者，則全數查核。三、新臺幣一百萬元以上未達一千萬元之標案：以十件以上為原則；當年度執行工程標案未達十件者，則全數查核。前項各款之查核件數，必要時得經查核小組設立之機關首長核准予以調整，並報主管機關備查。第一項所定金額，為採購標案之預算金額。複數決標項目之標的不同者，依個別項目之預算金額認定之。,機關辦理契約變更，「加帳金額」為新臺幣(下同)50萬元，「減帳金額」為50萬元，則其變更部分計算是否監辦之金額為多少？,train_ 174,50,一百萬元
中央機關未達公告金額採購監辦辦法，第六條 ，主(會)計單位及有關單位依本辦法辦理監辦，準用機關主會計及有關單位會同監辦採購辦法第四條、第七條及第八條之規定。監辦人員得採書面審核監辦，免經機關首長或其授權人員核准。,機關辦理公告金額以上之採購，監辦人員採書面審核監辦，應經何者核准？,train_ 176,93,機關首長或其授權人員
採購契約要項，八、，廠商不得以不具備履行契約分包事項能力或未依法登記或設立之廠商為分包廠商。對於分包廠商履約之部分，得標廠商仍應負完全責任。分包契約報備於機關者，亦同。廠商擬分包之項目及分包廠商，機關得予審查。,廠商不得以不具備履行契約分包事項能力或未依法登記或設立之廠商為分包廠商。對於分包廠商履約之部分，得標廠商應負之責任，何者正確？,train_ 178,62,仍應負完全責任
投標廠商資格與特殊或巨額採購認定標準，第五條 1，機關辦理特殊或巨額採購，除依第二條規定訂定基本資格外，得視採購案件之特性及實際需要，就下列事項擇定投標廠商之特定資格，並載明於招標文件：一、具有相當經驗或實績者。其範圍得包括於截止投標日前五年内，完成與招標標的同性質或相當之工程、財物或勞務契約，其單次契約金額或數量不低於招標標的預算金額或數量之五分之二，或累計金額或數量不低於招標標的預算金額或數量，並得含採購機關（構）出具之驗收證明或敌用後功能正常之使用情形證明。二、具有相當財力者。其範圍得包括實收資本額不低於招標標的預算金額之十分之一，或經會計師簽證或審計機關審定之上一會計年度或最近一年度財務報告及其所附報表，其内容合於下列規定者·（一）權益不低於招標標的預算金額十二分之一（二）流動資産不低於流動負債。（三）總負債金額不超過權益四倍。但配合民營化政策之公營事業參加投標者，不在此限。第一項第一款及第二款所定期間、數量、金額或比例，機關不得縮限。但得視採購之性質及需要予以放寬；第二款所稱實收資本額，於有限公司、無限公司或兩合公司指資本總額。第二款第三目之總負債金額，應扣除依其他法律政府奬勵民間投資金額。機關依第一項第一款及第二款以預算金額訂定資格條件者，應於招標公告或招標文件載明預算金額。履約期間逾一年之勞務採購，其以提供勞力為主，且工作内容重複者，以第一年之預算金額訂定資格條件。,投標廠商資格規定廠商需出具權益證明（特定資格），機關係規定該項權益之最低額度，但該額度應以招標標的預算金額多少為限？,train_ 189,337,十二分之一
機關委託專業服務廠商評選及計費辦法修正條文，第十三條 ，服務成本加公費法，適用於計畫性質複雜，服務費用不易確實預估或履約成果不確定之服務案件。前項服務費用，得包括下列各款費用：一、直接費用：（二）管理費用：管理費用：包括未在直接薪資項下開支之管理及會計人員之薪資、保險費及退休金、辦公室費用、水電及冷暖氣費用、機器設備及傢俱等之折舊或租金、辦公事務費、機器設備之搬運費、郵電費、業務承攬費、廣告費、準備及結束工作所需費用、參加國內外專業會議費用、業務及人力發展費用、研究費用或專業聯繫費用及有關之稅捐等。但全部管理費用不得超過直接薪資扣除非經常性給與之獎金後之百分之一百。第二項第二款公費，應為定額，不得按直接薪資及管理費之金額依一定比率增加，且全部公費不得超過直接薪資扣除非經常性給與之獎金後與管理費用合計金額之百分之二十五。,依政府採購法第22條第1項第9款所辦理專業服務性質之採購，其以服務成本加公費法計費時，全部公費應為定額，且不得超過直接薪資扣除非經常性給與之獎金後與管理費用合計金額之？,train_ 195,357,百分之二十五
第一章總則，第 六 條  1，機關辦理採購，其屬巨額採購、查核金額以上之採購、公告金額以上之採購或小額採購，依採購金額於招標前認定之；其採購金額之計算方式如下：一、採分批辦理採購者，依全部批數之預算總額認定之。二、依本法第五十二條第一項第四款採複數決標者，依全部項目或數量之預算總額認定之。但項目之標的不同者，依個別項目之預算金額認定之。三、招標文件含有選購或後續擴充項目者，應將預估選購或擴充項目所需金額計入。四、採購項目之預算案尚未經立法程序者，應將預估需用金額計入。五、採單價決標者，依預估採購所需金額認定之。,依照行政院函示規定，若干金額以上之工程採購應有預付款？,train_ 198,29,查核金額
採購履約爭議調解規則，第 十 條 2，申請調解事件有下列情形之一者，應提申訴會委員會議為不受理之決議。但其情形可補正者，應酌定相當期間命其補正：六、由代理人申請調解，其代理權有欠缺。七、申請調解不合程式。八、經限期補繳調解費，屆期未繳納。九、廠商不同意調解。十、送達於他造當事人之通知書，應為公示送達或於外國為送達。十一、非屬政府採購事件。十二、其他不予受理之情事。,機關申請調解，廠商不同意調解時，採購申訴審議委員會應如何處理？,train_ 202,44,不受理
中央機關未達公告金額採購招標辦法，第二條 1，未達公告金額採購之招標，其金額逾公告金額十分之一者，得以下列方式之一辦理：一、符合本法第二十二條第一項第一款至第十五款所定情形之一者，得採限制性招標。三、依本法第四十九條之規定，將公開徵求廠商提供書面報價或企劃書之公告，公開於主管機關之資訊網路或刊登於政府採購公報，以取得三家以上廠商之書面報價或企劃書，擇符合需要者辦理比價或議價。第一項第三款規定情形，機關得於公告或招標文件中訂明開標時間地點，並於開標後當場審查，逕行辦理決標。,依採購法第49條之規定，將公開徵求廠商提供書面報價或企劃書之公告，公開於主管機關之資訊網路或刊登於政府採購公報，應取得幾家以上廠商之書面報價或企劃書，擇符合需要者辦理比價或議價？,train_ 209,159,三家
第二章招標，第三十四條，機關辦理採購，其招標文件於公告前應予保密。但須公開說明或藉以公開徵求廠商提供參考資料者，不在此限。機關辦理招標，不得於開標前洩漏底價，領標、投標廠商之名稱與家數及其他足以造成限制競爭或不公平競爭之相關資料。底價於開標後至決標前，仍應保密，決標後除有特殊情形外，應予公開。但機關依實際需要，得於招標文件中公告底價。機關對於廠商投標文件，除供公務上使用或法令另有規定外，應保守秘密。,機關依採購法辦理採購，何者正確？,train_ 210,20,招標文件於公告前應予保密
採購履約爭議調解收費辦法，第五條 1，以請求或確認金額為調解標的者，其調解費如下：一、金額未滿新臺幣二百萬元者，新臺幣二萬元。二、金額在新臺幣二百萬元以上，未滿五百萬元者，新臺幣三萬元。三、金額在新臺幣五百萬元以上，未滿一千萬元者，新臺幣六萬元。四、金額在新臺幣一千萬元以上，未滿三千萬元者，新臺幣十萬元。前項調解標的之金額以外幣計算者，按申訴會收件日前一交易日臺灣銀行外匯小額交易收盤買入匯率折算之。,"機關辦理清潔外包之巨額勞務採購案，預算金額6,000萬元（無後續擴充），經檢討有必要訂定實收資本額之資格，履約期限為3年，每年均為2,000萬元，除有特殊情形者外，機關得訂定之實收資本額上限為何？",train_ 214,50,二百萬元
機關委託社會福利服務廠商評選及計費辦法，第九條 ，前條決標，應依下列規定辦理：一、招標文件已訂明固定服務費用或費率者，依該服務費用或費率決標。二、招標文件未訂明固定服務費用或費率者，其超底價決標或廢標適用本法第五十三條第二項及第五十四條之規定。機關依本法第四十六條規定訂定前項第二款之底價時，議價廠商之報價合理且在預算金額以內者，機關依其報價訂定底價，照價決標。招標文件已訂明固定服務費用或費率者，仍得訂明採部分項目依契約價金總額計算，部分項目依實際施作或供應之項目及數量計算。,何者非屬機關採最有利標決標之必要事項？,train_ 215,171,訂定底價
機關委託技術服務廠商評選及計費辦法，第二十六條 2，機關委託廠商辦理技術服務，服務費用採服務成本加公費法者，其服務費用，得包括下列各款費用：一、直接費用：(二)管理費用：包括未在直接薪資項下開支之管理及會計人員之薪資、保險費及退休金、辦公室費用、水電及冷暖氣費用、機器設備及傢俱等之折舊或租金、辦公事務費、機器設備之搬運費、郵電費、業務承攬費、廣告費、準備及結束工作所需費用、參加國內外職業及技術會議費用、業務及人力發展費用、研究費用或專業聯繫費用及有關之稅捐等。但全部管理費用不得超過直接薪資扣除非經常性給與之獎金後之百分之一百。第一項第二款公費，應為定額，不得按直接薪資及管理費之金額依一定比率增加，且全部公費不得超過直接薪資扣除非經常性給與之獎金後與管理費用合計金額之百分之二十五。,機關委託廠商承辦技術服務，其採成本加公費法計費者，其中「管理費用」之上限，不得超過「直接薪資扣除非經常性給與之獎金後」之？,train_ 223,260,百分之一百
機關委託專業服務廠商評選及計費辦法修正條文，第九條 ，前條決標，應依下列規定之一辦理：一、招標文件已訂明固定服務費用或費率者，依該服務費用或費率決標。二、招標文件未訂明固定服務費用或費率者，其超底價決標或廢標適用本法第五十三條第二項及第五十四條之規定。機關訂定前項第二款之底價，適用本法第四十六條規定。議價廠商之報價合理且在預算金額以內者，機關得依其報價訂定底價，照價決標。,敘述何者正確？,train_ 225,45,招標文件已訂明固定服務費用或費率者，依該服務費用或費率決標
第五章驗收，第九十一條  ，機關辦理驗收人員之分工如下：一、主驗人員：主持驗收程序，抽查驗核廠商履約結果有無與契約、圖說或貨樣規定不符，並決定不符時之處置。二、會驗人員：會同抽查驗核廠商履約結果有無與契約、圖說或貨樣規定不符，並會同決定不符時之處置。但採購事項單純者得免之。三、協驗人員：協助辦理驗收有關作業。但採購事項單純者得免之。會驗人員，為接管或使用機關(單位)人員。協驗人員，為設計、監造、承辦採購單位人員或機關委託之專業人員或機構人員。法令或契約載有驗收時應辦理丈量、檢驗或試驗之方法、程序或標準者，應依其規定辦理。有監驗人員者，其工作事項為監視驗收程序。,何者非採購法之監辦時機？,train_ 226,43,查驗
押保辦法全文，第三十三條之一，公告金額以上之採購，機關得於招標文件中規定得標廠商提出符合招標文件所定投標廠商資格條件之其他廠商之履約及賠償連帶保證者，其應繳納之履約保證金或保固保證金得予減收。前項減收額度，得為一定金額或比率，由招標機關於招標文件中擇定之。其額度以不逾履約保證金或保固保證金額度之百分之五十為限。,機關辦理公告金額以上採購，於招標文件中規定得標廠商提出連帶保證廠商者，其履約保證金得予減收，試問其減收額度以不逾履約保證金額度之若干比例為限？,train_ 231,148,百分之五十
機關優先採購環境保護產品辦法，第十三條 ，前條第一項第一款環保產品廠商僅一家者，機關得洽該廠商減價至最低標之標價決標；在二家以上者，機關得自標價低者起，依序洽各該環保產品廠商減價一次，由最先減至最低標之標價者得標。機關依前項規定依序洽各環保產品廠商減價時，應優先洽第一類及第二類產品廠商減價，無法決標時再洽第三類產品廠商減價。前條第一項第二款，招標文件所定價差優惠比率以內之環保產品廠商家數在二家以上者，機關應優先決標予第一類及第二類產品廠商，且不以第三類產品之標價是否低於第一類及第二類產品之標價為條件。,機關辦理最低標決標案件，開標後最低標廠商之標價未進入底價，最低標廠商當場表示放棄優先減價，則該廠商得否參與後續比減價？,train_ 234,42,得
替代方案實施辦法，第八條 ，得標廠商未能依投標時提出之替代方案履約，或履行替代方案有第六條第二項各款情形之一者，機關應撤銷決標、終止契約或解除契約，並得追償損失。但廠商願以替代方案之標價改以合於招標文件規定之主方案履約，且原決標係以合於招標文件規定之最低標方式辦理者，不在此限。前項改依主方案履約者，其履約期限之計算，應自原替代方案開始履約日起算，且不得扣除履行替代方案所費時間。,保固期內發現瑕疵，應由廠商於機關指定之期限內負責免費無條件改正。逾期不為改正者，按主管機關訂頒工程採購契約範本之內容，機關採行措施，何者最不適當？,train_ 235,64,終止契約
機關委託專業服務廠商評選及計費辦法修正條文，第十四條 ，機關委託廠商承辦專業服務，得於招標文件規定得標廠商服務費用降低或實際績效提高時，得依其情形給付廠商獎勵性報酬。前項獎勵性報酬之給付方式如下，由機關於招標文件中訂明：一、屬服務費用降低者，為所減省之契約價金金額之一定比率。二、屬實際績效提高者，依契約所載計算方式給付。前項第一款一定比率，以不逾百分之五十為限；第二款給付金額，以不逾契約價金總額或契約價金上限之百分之十為限。,機關委託廠商承辦資訊服務採服務成本加公費法者，得於招標文件規定得標廠商服務費用降低或實際績效提高時，得依情形給付廠商獎勵性報酬，其屬服務費用降低者，為所減省之契約價金金額之一定比率，以不逾百分之幾為原則？,train_ 236,177,五十
第一章總則，第十七條  ，本法第十六條第一項所稱作成紀錄者，得以文字或錄音等方式為之，附於採購文件一併保存。其以書面請託或關說者，亦同。,何者非屬採購法規定應製作紀錄之事項？,train_ 237,58,請託或關說
第五章驗收，第一百零一條  ，公告金額以上之工程或財物採購，除符合第九十條第一項第一款或其他經主管機關認定之情形者外，應填具結算驗收證明書或其他類似文件。未達公告金額之工程或財物採購，得由機關視需要填具之。前項結算驗收證明書或其他類似文件，機關應於驗收完畢後十五日內填具，並經主驗及監驗人員分別簽認。但有特殊情形必須延期，經機關首長或其授權人員核准者，不在此限。,工程或財物採購於驗收完畢後，何種金額以上案件，應填具結算驗收證明書或其他類似文件？,train_ 240,15,公告金額
採購人員倫理準則，第八條 ，採購人員不接受與職務或利益有關廠商之下列餽贈或招待，反不符合社會禮儀或習俗者，得予接受，不受前條之限制。但以非主動求取，且係偶發之情形為限。一、價值在新臺幣五百元以下之廣告物、促銷品、紀念品、禮物、折扣或服務。二、價值在新臺幣五百元以下之飲食招待。三、公開舉行且邀請一般人參加之餐會。四、其他經主管機關認定者。前項第一款，價值逾新臺幣五百元，退還有困難者，得於獲贈或知悉獲贈日起七日內付費收受、歸公或轉贈慈善機構。餽贈或招待係基於家庭或私人情誼所為者，不適用前二項規定。,採購人員接受與職務或利益有關廠商之廣告物價值逾500元，退還有困難者，得於幾日內付費收受、歸公或轉贈慈善機構？,train_ 241,203,七日
機關優先採購環境保護產品辦法，第六條 ，本法第九十六條第二項所稱增加社會利益或減少社會成本之產品，指該產品經相關目的事業主管機關認定符合此等條件，並發給證明文件者(以下簡稱第三類產品)。,採購法第96條第2項所稱增加社會利益或減少社會成本之產品，指該產品經何機關認定符合此等條件，並發給證明文件者？,train_ 242,54,相關目的事業主管機關
第一章總則，第十八條  ，機關依本法對廠商所為之通知，除本法另有規定者外，得以口頭、傳真或其他電子資料傳輸方式辦理。前項口頭通知，必要時得作成紀錄。,機關與廠商於契約之相互通知，除得於契約中約定外，不宜以何種方式為之？,train_ 246,39,口頭
政府採購公告及公報發行辦法，第十一條 ，機關依投標廠商資格與特殊或巨額採購認定標準第五條第三項規定辦理者，應於招標公告或招標文件公開預算金額。機關辦理前項以外之公告金額以上採購，應於招標公告公開預算金額。但有下列情形之一者，不在此限：一、轉售或供製造、加工後轉售之採購。二、預算金額涉及商業機密。三、機關認為不宜公開。前二項以外之採購之預算及預計金額，得於招標公告中一併公開。,機關依投標廠商資格與特殊或巨額採購認定標準第5條第3項規定辦理者？,train_ 250,53,應於招標公告或招標文件公開預算金額
機關委託技術服務廠商評選及計費辦法，第二十六條 4，機關委託廠商辦理技術服務，服務費用採服務成本加公費法者，其服務費用，得包括下列各款費用：二、公費：指廠商提供技術服務所得之報酬，包括風險、利潤及有關之稅捐等。三、營業稅。,廠商提供專業服務所得之報酬為服務成本加公費法中之何種服務費用？,train_ 254,49,公費
招標期限標準，第七條 ，機關於等標期截止前變更或補充招標文件内容者，應視需要延長等標期。前項變更或補充，其非屬重大改變，且於原定截止日前五日公告或書面通知各廠商者，得免延長等標期。,機關辦理採購，於等標期截止前變更或補充招標文件內容者，應視需要延長等標期。前項變更或擴充，除非屬重大改變，且原定截止日前幾日公告或書面通知各廠商者，得免延長等標期？,train_ 261,68,五日
第六章爭議處理，第八十五條，審議判斷指明原採購行為違反法令者，招標機關應自收受審議判斷書之次日起二十日內另為適法之處置；期限屆滿未處置者，廠商得自期限屆滿之次日起十五日內向採購申訴審議委員會申訴。採購申訴審議委員會於審議判斷中建議招標機關處置方式，而招標機關不依建議辦理者，應於收受判斷之次日起十五日內報請上級機關核定，並由上級機關於收受之次日起十五日內，以書面向採購申訴審議委員會及廠商說明理由。審議判斷指明原採購行為違反法令，廠商得向招標機關請求償付其準備投標、異議及申訴所支出之必要費用。,政府採購申訴案件經審議判斷指明原採購行為違反法令者，招標機關應自收受審議判斷書之次日起幾日內另為適法之處置？,train_ 265,48,二十日
第二章招標，第十八條，採購之招標方式，分為公開招標、選擇性招標及限制性招標。本法所稱公開招標，指以公告方式邀請不特定廠商投標。本法所稱選擇性招標，指以公告方式預先依一定資格條件辦理廠商資格審查後，再行邀請符合資格之廠商投標。本法所稱限制性招標，指不經公告程序，邀請二家以上廠商比價或僅邀請一家廠商議價。,機關以個案選擇性招標方式辦理採購者，第1次開標應至少有幾家以上之合格廠商始可開標？,train_ 268,144,一家
採購評選委員會審議規則，第十二條 ，本委員會委員對於會議之決議有不同意見者，得要求將不同意見載入會議紀錄或將意見書附於會議紀錄，以備查考。本委員會不得拒絕。,採購評選委員會委員對於會議之決議有不同意見者，如要求將不同意見載入會議紀錄或將意見書附於會議紀錄，以備查考時，採購評選委員會應如何處理？,train_ 269,73,不得拒絕
第二章招標，第四十三條，機關辦理採購，除我國締結之條約或協定另有禁止規定者外，得採行下列措施之一，並應載明於招標文件中：一、要求投標廠商採購國內貨品比率、技術移轉、投資、協助外銷或其他類似條件，作為採購評選之項目，其比率不得逾三分之一。二、外國廠商為最低標，且其標價符合第五十二條規定之決標原則者，得以該標價優先決標予國內廠商。,機關辦理採購，除我國締結之條約或協定另有禁止規定者外，得於招標文件規定，要求投標廠商採購國內貨品比率、技術移轉、投資、協助外銷或其他類似條件，作為採購評選之項目，但其比率不得逾？,train_ 271,113,三分之一
招標期限標準，第八條 ，機關於等標期截止前取消或暫停招標，並於取消或暫停後六個月内重行或續行招標且招標文件内容未經重大改變者，重行或續行招標之等標期，得考量取消或暫停前己公告或邀標之日數，依原定期限酌予縮短。但重行或續行招標之等標期，未達公告金額之採購不得少於三日，公告金額以上之採購不得少於七日。機關於等標期截止後流標、廢標、撤銷法標或解除契約，並於其後三個月内重行招標且招標文件内容未經重大改變者，準用前項之規定。,機關依採購法第101條規定通知廠商違反採購法第65條規定轉包，且該廠商於機關通知日起前5年內被任一機關刊登1次，則經廠商提出異議申訴審議結果並無不實者，自刊登公報之次日起幾年內不得參加投標或作為決標或分包廠商？,train_ 283,37,六個月
採購申訴審議收費辦法，第八條 ，廠商撤回申訴者，已繳審議費用不予退還。但於第一次預審會議期日前撤回者，無息退還二分之一。前條廠商已繳納而尚未發生之鑑定費及其他必要費用，應予退還。,申訴廠商於第1次預審會議期日前撤回採購申訴者，所繳審議費？,train_ 286,51,無息退還二分之一
採購履約爭議調解收費辦法，第五條 1，以請求或確認金額為調解標的者，其調解費如下：一、金額未滿新臺幣二百萬元者，新臺幣二萬元。二、金額在新臺幣二百萬元以上，未滿五百萬元者，新臺幣三萬元。三、金額在新臺幣五百萬元以上，未滿一千萬元者，新臺幣六萬元。四、金額在新臺幣一千萬元以上，未滿三千萬元者，新臺幣十萬元。前項調解標的之金額以外幣計算者，按申訴會收件日前一交易日臺灣銀行外匯小額交易收盤買入匯率折算之。,機關委託廠商承辦新建建築物之技術服務，其服務費用之採購金額在新臺幣多少元以上且服務項目包括規劃、設計者，應要求廠商提出服務建議書及規劃、設計構想圖說(配置圖、平面圖、立面圖、剖面圖、透視圖等)，並應辦理競圖？,train_ 292,80,五百萬元
國內廠商標價優惠實施辦法，第五條 ，機關辦理特定採購，應於招標文件中載明招標標的得適用標價優惠之項目，並規定各投標廠商均應於投標文件內就該等項目載明其標價。外國廠商為最低標，且其標價符合本法第五十二條第一項最低標之決標原則者，國內廠商得適用之標價優惠，以該外國廠商前項得適用標價優惠之項目之標價乘以優惠比率計算之。但國內廠商該等項目之標價未逾該外國廠商相同項目之標價者，不適用此一規定。前項情形，國內廠商之財物，屬於招標文件所載適用範圍之項目，其國內產製加值須達該項價格之百分之五十；工程或勞務，須為國內供應。第二項外國廠商標價以外國貨幣計者，依辦理決標前一辦公日臺灣銀行外匯交易收盤即期賣出匯率折算為新臺幣後，以新臺幣計算得適用之標價優惠金額。,投標廠商標價幣別為外幣者，應以決標前一辦公日台灣銀行外匯交易收盤之何種匯率折算總價？,train_ 294,292,即期賣出匯率
第二章招標，第三十七條  ，依本法第三十六條第三項規定投標文件附經公證或認證之資格文件中文譯本，其中文譯本之內容有誤者，以原文為準。,機關就外國廠商之投標資格及應提出之資格文件，得就實際需要另行規定，附經公證或認證之中文譯本，並於招標文件中訂明。其原文與中文譯本之內容有異者，以何者為準？,train_ 295,61,原文
房地產辦法，第十一條 ，機關與認定適合需要者之議價及決標，應依下列方式之一辦理，並載明於徵選文件：一、適合需要者為一家者，以議價方式辦理。二、適合需要者在二家以上者，依適合需要序位，自最適合需要者起，依序以議價方式辦理。但有二家以上廠商為同一適合需要序位者，以標價低者優先議價。,依「機關指定地區採購房地產作業辦法」之規定，機關與認定適合需要者之議價及決標，何者為應載明於徵選文件之方式？,train_ 297,51,適合需要者為一家者，以議價方式辦理
採購人員倫理準則，第七條 3，採購人員不得有下列行為：十六、為廠商請託或關說。十七、意圖為私人不正利益而高估預算、底價或應付契約價金，或為不當之規劃、設計、招標、審標、決標、履約管理或驗收。十八、藉婚喪喜慶機會向廠商索取金錢或財物。十九、從事足以影響採購人員尊嚴或使一般人認其有不能公正執行職務之事務或活動。二十、其他經主管機關認定者。,政府採購法第75條及76條規定之異議、申訴程序，係在處理何種爭議？,train_ 298,78,招標、審標、決標
採購履約爭議調解收費辦法，第十四條 ，申請人撤回調解之申請者，所繳調解費不予退還。但申請人於第一次調解期日之次日起十日內以書面撤回調解者，無息退還所繳調解費二分之一，未退還之調解費逾新臺幣二十萬元者，以新臺幣二十萬元為收費上限。前項情形，當事人已繳納而尚未發生之鑑定費及其他必要費用，應無息退還。,採最低標決標，最低標廠商報價總標價(540萬元)低於底價（700萬元），機關得通知廠商繳納差額保證金之額度？,train_ 299,94,二十萬元
第二章招標，第十八條，採購之招標方式，分為公開招標、選擇性招標及限制性招標。本法所稱公開招標，指以公告方式邀請不特定廠商投標。本法所稱選擇性招標，指以公告方式預先依一定資格條件辦理廠商資格審查後，再行邀請符合資格之廠商投標。本法所稱限制性招標，指不經公告程序，邀請二家以上廠商比價或僅邀請一家廠商議價。,機關依採購法第22條第1項第9款辦理評選專業服務廠商，其第1次開標，除招標文件另有規定外，投標廠商須幾家即可開標？,train_ 309,144,一家
機關委託技術服務廠商評選及計費辦法，第八條 1，機關委託廠商辦理第四條至第七條之服務，得依個案特性及實際需要，擇定下列服務項目，併案招標，或另案辦理招標：一、有關專業技術之資料與報告之研究、評審及補充。二、替代方案、工程設計及施工可行性之審查及建議。三、各階段環境影響評估及相關說明書、報告書之編製及送審。四、水土保持計畫之辦理及送審。五、申請公有建築物候選綠建築證書或綠建築標章。,依政府公共工程計畫與經費審議作業要點，何者不是基本設計階段審議之重點?,train_ 314,103,替代方案
機關優先採購環境保護產品辦法，第二條 ，本法第九十六條之用詞定義如下：一、效能相同或相似之產品，指環境保護產品之效能經招標機關認定與招標文件之規定相同或相似者。二、再生材質，指回收材質經由再製過程，製成最終產品或產品之組件。三、可回收，指產品或其組件於廢棄後可經由收集、處理而轉變為原物料或產品。四、低污染，指產品或其材料之設計、製造或使用，具有減少產生有害或有毒物質之功能者。五、省能源，指產品或其材料之使用，具有減少能源消耗之功能者。六、增加社會利益或減少社會成本，指產品或其材料之設計、製造或使用，具有降低對有限資源之依賴、減少資源之消耗、開發新種資源之使用或其他類似情形者。,採購法第26條第3項所稱同等品，應由何者審查認定，其功能、效益、標準或特性不低於招標文件所要求或提及者？,train_ 321,59,招標機關
第八章附則，第一百零三條2，依前條第三項規定刊登於政府採購公報之廠商，於下列期間內，不得參加投標或作為決標對象或分包廠商：三、有第一百零一條第一項第七款至第十二款情形者，於通知日起前五年內未被任一機關刊登者，自刊登之次日起三個月；已被任一機關刊登一次者，自刊登之次日起六個月；已被任一機關刊登累計二次以上者，自刊登之次日起一年。但經判決撤銷原處分者，應註銷之。機關因特殊需要，而有向前項廠商採購之必要，經上級機關核准者，不適用前項規定。本法中華民國一百零八年四月三十日修正之條文施行前，已依第一百零一條第一項規定通知，但處分尚未確定者，適用修正後之規定。,機關依採購法第101條規定通知廠商於驗收後不履行保固責任，情節重大，該廠商從未被任一機關刊登公報拒絕往來，則經廠商提出異議申訴審議結果並無不實者，自刊登公報之次日起幾年內不得參加投標或作為決標或分包廠商？,train_ 333,111,三個月
第三章決標，第六十三條  ，機關採最低標決標，廠商之標價依招標文件規定之計算方式，有依投標標的之性能、耐用年限、保固期、能源使用效能或維修費用等之差異，就標價予以加價或減價以定標價之高低序位者，以加價或減價後之標價決定最低標。,機關辦理採購，招標文件規定廠商之標價依規定之計算方式，有依投標標的之性能、耐用年限、保固期、能源使用效能或維修費用等之差異，就標價予以加價或減價以定標價之高低序位者，以加價或減價後之標價決定最低標者，係屬何種決標原則？,train_ 334,17,最低標
政府採購公告及公報發行辦法，第十三條 2，依本法第六十一條規定辦理決標結果之公告，應登載下列事項：七、有底價或評審委員會建議之金額或預算金額，且應予公開者，其金額。不予公開者，其理由。八、招標及決標方式。九、有招標公告或辦理資格審查公告者，其刊登採購公報日期。十、採限制性招標者，其依據之法條。十一、採購金額。十二、採最有利標或準用最有利標決標，得標廠商之總評分或總序位。十三、其他經主管機關指定者。以轉售為目的之採購，其決標金額涉及商業機密者，得不公告決標金額，但應附記不公告之理由。採用複數決標之方式者，其每一次決標及不同標的或底價之項目，應分別刊登決標公告。未達公告金額採購之決標公告，準用前三項之規定。,何者非屬採最有利標決標之用詞？,train_ 339,55,評審委員會
機關邀請或委託文化藝術專業人士機構團體提供藝文服務作業辦法條文，第六條 2，機關辦理藝文服務採購，採公告審查程序者，應依下列規定辦理：五、審查委員會應由委員五人以上組成；其會議之決議應有委員總額二分之一以上出席，出席委員過半數之同意行之。六、審查委員會之成立時機，準用本法第四十六條第二項有關底價之訂定時機。七、前款審查委員會，機關得以本法第九十四條成立之評選委員會代之。八、審查產生優勝者後，辦理議價及簽約事宜。九、不訂定底價者，由審查委員會審查經費，並得提出建議金額。前項公告結果，僅一藝文業者投標者，仍得進行審查。,機關辦理藝文採購，其採公告審查程序者，應成立審查委員會辦理審查；審查委員會並應由委員幾人組成？,train_ 340,78,五人以上
採購申訴審議委員會組織準則，第六條 ，申訴會委員會議由主任委員召集之，並為主席：主任委員未能出席時，由副主任委員代理之；無副主任委員或副主任委員未能出席者，由主任委員指定委員一人代理之。申訴會委員會議之泱議，應有二分之一以上委員出席，出席委員過半數同意行之。可否同數時，由主席裁法之。不同意見之委員得提意見書附於申訴會委員會議紀録，以備查考。,採購申訴審議委員會之決議，應有多少以上委員出席，出席委員過半數同意行之？,train_ 343,106,二分之一
第三章決標，第四十八條，機關依本法規定辦理招標，除有下列情形之一不予開標決標外，有三家以上合格廠商投標，即應依招標文件所定時間開標決標：一、變更或補充招標文件內容者。二、發現有足以影響採購公正之違法或不當行為者。三、依第八十二條規定暫緩開標者。四、依第八十四條規定暫停採購程序者。五、依第八十五條規定由招標機關另為適法之處置者。六、因應突發事故者。七、採購計畫變更或取銷採購者。八、經主管機關認定之特殊情形。第一次開標，因未滿三家而流標者，第二次招標之等標期間得予縮短，並得不受前項三家廠商之限制。,機關採公開招標辦理50萬元之採購，第1次開標須有幾家合格廠商投標始可開標？,train_ 345,41,三家
第七章罰則，第八十七條2，以詐術或其他非法之方法，使廠商無法投標或開標發生不正確結果者，處五年以下有期徒刑，得併科新臺幣一百萬元以下罰金。意圖影響決標價格或獲取不當利益，而以契約、協議或其他方式之合意，使廠商不為投標或不為價格之競爭者，處六月以上五年以下有期徒刑，得併科新臺幣一百萬元以下罰金。意圖影響採購結果或獲取不當利益，而借用他人名義或證件投標者，處三年以下有期徒刑，得併科新臺幣一百萬元以下罰金。容許他人借用本人名義或證件參加投標者，亦同。第一項、第三項及第四項之未遂犯罰之。,機關採選擇性招標建立合格廠商名單方式辦理清潔勞務採購，其預先辦理廠商資格審查，名單有效期為2年，年預算為200萬元。該機關於名單有效期內利用該名單邀請符合資格廠商參加100萬元投標，本次採購之採購金額應認定為？,train_ 349,60,一百萬元
第一章總則，第 七 條  ，機關辦理查核金額以上採購之招標，應於等標期或截止收件日五日前檢送採購預算資料、招標文件及相關文件，報請上級機關派員監辦。前項報請上級機關派員監辦之期限，於流標、廢標或取消招標重行招標時，得予縮短；其依前項規定應檢送之文件，得免重複檢送。,機關辦理查核金額以上採購之招標，應於何時檢送採購預算資料、招標文件及相關文件，報請上級機關派員監辦？,train_ 351,32,等標期或截止收件日五日前
第六章爭議處理，第七十五條2，廠商對於機關辦理採購，認為違反法令或我國所締結之條約、協定（以下合稱法令），致損害其權利或利益者，得於下列期限內，以書面向招標機關提出異議：三、對採購之過程、結果提出異議者，為接獲機關通知或機關公告之次日起十日。其過程或結果未經通知或公告者，為知悉或可得而知悉之次日起十日。但至遲不得逾決標日之次日起十五日。招標機關應自收受異議之次日起十五日內為適當之處理，並將處理結果以書面通知提出異議之廠商。其處理結果涉及變更或補充招標文件內容者，除選擇性招標之規格標與價格標及限制性招標應以書面通知各廠商外，應另行公告，並視需要延長等標期。,廠商對於採購之過程、結果提出異議者，為接獲機關通知或機關公告之次日起？,train_ 355,118,十日
第三章決標，第六十一條，機關辦理公告金額以上採購之招標，除有特殊情形者外，應於決標後一定期間內，將決標結果之公告刊登於政府採購公報，並以書面通知各投標廠商。無法決標者，亦同。,一般採購案(即無特殊情形者)，其底價應於何時公開？,train_ 359,39,決標後
第三章決標，第七十七條  ，機關依本法第五十七條規定採行協商措施時，參與協商之廠商依據協商結果重行遞送之投標文件，其有與協商無關或不受影響之項目者，該項目應不予評選，並以重行遞送前之內容為準。,機關採最有利標決標，訂有底價，而廠商報價逾底價須減價者，其洽減時機，何者正確？,train_ 360,26,採行協商措施時
機關邀請或委託文化藝術專業人士機構團體提供藝文服務作業辦法條文，第六條 2，機關辦理藝文服務採購，採公告審查程序者，應依下列規定辦理：五、審查委員會應由委員五人以上組成；其會議之決議應有委員總額二分之一以上出席，出席委員過半數之同意行之。六、審查委員會之成立時機，準用本法第四十六條第二項有關底價之訂定時機。七、前款審查委員會，機關得以本法第九十四條成立之評選委員會代之。八、審查產生優勝者後，辦理議價及簽約事宜。九、不訂定底價者，由審查委員會審查經費，並得提出建議金額。前項公告結果，僅一藝文業者投標者，仍得進行審查。,機關辦理藝文採購，其採公告審查方式辦理者，應成立審查委員會辦理審查，審查委員會應有委員總額多少比例以上出席始得作成決議？,train_ 361,97,二分之一
電子採購作業辦法，第七條 ，機關提供電子招標文件，得向廠商收取必要之成本費用，其金額由招標機關定之。其另有書面文件者，不得高於書面文件發售費用。,機關提供電子招標文件，得向廠商收取必要之成本費用，其金額由招標機關定之。其另有書面文件者？,train_ 366,59,不得高於書面文件發售費用
第三章決標，第八十四條  ，本法第六十一條所稱特殊情形，指符合下列情形之一者：一、為商業性轉售或用於製造產品、提供服務以供轉售目的所為之採購，其決標內容涉及商業機密，經機關首長或其授權人員核准者。二、有本法第一百零四條第一項第二款情形者。三、前二款以外之機密採購。四、其他經主管機關認定者。前項第一款決標內容涉及商業機密者，機關得不將決標內容納入決標結果之公告及對各投標廠商之書面通知。僅部分內容涉及商業機密者，其餘部分仍應公告及通知。本法第六十一條所稱決標後一定期間，為自決標日起三十日。依本法第六十一條規定未將決標結果之公告刊登於政府採購公報，或僅刊登一部分者，機關仍應將完整之決標資料傳送至主管機關指定之電腦資料庫，或依本法第六十二條規定定期彙送主管機關。,採購法第61條所稱決標後一定期間為？,train_ 389,236,自決標日起三十日
第五章驗收，第九十四條  ，採購之驗收，無初驗程序者，除契約另有規定者外，機關應於接獲廠商通知備驗或可得驗收之程序完成後三十日內辦理驗收，並作成驗收紀錄。,採購之驗收，無初驗程序者，除契約另有規定者外，機關應於接獲廠商通知備驗或可得驗收之程序完成後幾日內辦理驗收，並作成驗收紀錄？,train_ 390,60,三十日
政府採購公告及公報發行辦法，第四條 2，下列政府採購資訊應刊登採購公報一日，並公開於主管機關之政府採購資訊網站（以下簡稱採購網站）：五、本法第七十五條第二項規定應另行辦理之變更或補充招標文件內容之公告。六、本法第一百零二條第三項規定之廠商名稱與相關情形。七、本法第一百零三條第一項規定之註銷公告。八、本法第一百十一條第二項規定之年度重大採購事件之效益評估。九、我國締結之條約或協定規定公告之事項。十、前列各款之更正公告。前項第九款公告之事項，我國締結之條約或協定未規定應刊登採購公報者，得僅公開於採購網站。,政府採購資訊應刊登採購公報幾日？,train_ 396,35,一日
第六章爭議處理，第七十六條2，地方政府未設採購申訴審議委員會者，得委請中央主管機關處理。廠商誤向該管採購申訴審議委員會以外之機關申訴者，以該機關收受之日，視為提起申訴之日。第二項收受申訴書之機關應於收受之次日起三日內將申訴書移送於該管採購申訴審議委員會，並通知申訴廠商。爭議屬第三十一條規定不予發還或追繳押標金者，不受第一項公告金額以上之限制。,廠商誤向該管採購申訴審議委員會以外之機關申訴者，收受申訴書之機關應於收受之次日起幾日內將申訴書移送於該管採購申訴審議委員會，並通知申訴廠商？,train_ 402,105,三日
第三章決標，第八十四條  ，本法第六十一條所稱特殊情形，指符合下列情形之一者：一、為商業性轉售或用於製造產品、提供服務以供轉售目的所為之採購，其決標內容涉及商業機密，經機關首長或其授權人員核准者。二、有本法第一百零四條第一項第二款情形者。三、前二款以外之機密採購。四、其他經主管機關認定者。前項第一款決標內容涉及商業機密者，機關得不將決標內容納入決標結果之公告及對各投標廠商之書面通知。僅部分內容涉及商業機密者，其餘部分仍應公告及通知。本法第六十一條所稱決標後一定期間，為自決標日起三十日。依本法第六十一條規定未將決標結果之公告刊登於政府採購公報，或僅刊登一部分者，機關仍應將完整之決標資料傳送至主管機關指定之電腦資料庫，或依本法第六十二條規定定期彙送主管機關。,採購法第61條所稱一定期間刊登決標公告為何？,train_ 414,236,自決標日起三十日
押保辦法全文，第九條 ，押標金之額度，得為一定金額或標價之一定比率，由機關於招標文件中擇定之。前項一定金額，以不逾預算金額或預估採購總額之百分之五為原則；一定比率，以不逾標價之百分之五為原則。但不得逾新臺幣五千萬元。採單價決標之採購，押標金應為一定金額。,押標金之額度以不逾廠商標價百分之多少為原則？,train_ 419,69,百分之五
投標廠商資格與特殊或巨額採購認定標準，第三條 1，機關依前條第一款訂定與提供招標標的有關之基本資格時，得依採購案件之特性及實際需要，就下列事項擇定廠商應附具之證明文件：一、廠商登記或設立之證明。如公司登記或商業登記證明文件、非屬營利事業之法人、機構或團體依法須辦理設立登記之證明文件、工廠登記證明文件、許可登記證明文件、執業執照、開業證明、立案證明或其他由政府機關或其授權機構核發該廠商係合法登記或設立之證明文件。第一款證明，廠商得以列印公開於目的事業主管機關網站之資料代之。廠商附具之證明文件，其内容與招標文件之規定有巽，但截止投標前公開於目的事業主管機關網站之該廠商最新資料符合招標文件規定者，機關得允許廠商列印該最新資料代之。,機關傳輸招標公告後，誤點選「是否為共同供應契約採購」(應為否，而點選為是)，可於何時點刊登更正招標公告？,train_ 421,263,截止投標前
公告金額，第一條 ，政府採購法第十三條第三項所稱公告金額：工程、財物及勞務採購均為新台幣一百萬元。,採購法所稱公告金額，係指新臺幣多少元？,train_ 433,44,一百萬元
機關委託技術服務廠商評選及計費辦法，第十一條 1，機關委託廠商辦理技術服務，除法令另有規定者外，其招標文件得依個案特性及實際需要載明下列事項：一、服務之項目、工作內容及需求計畫。二、廠商所應具備之專任技術人員及此等人員所應持有之證照或資格，或其他與提供服務有關之資格條件。三、服務工作完成後所應達到之目標或成果。四、服務之提供涉及材料、設備或場所之供應者，其規格。五、廠商應提出之服務建議書及其應含之內容。六、廠商或其主要工作人員所應具備與招標案性質相同或相當之服務經驗。七、收受服務建議書之地點及截止期限。廠商承辦技術服務屬第九條之專案管理者，其專案管理人員至少應有二分之一為該廠商之專任職員。,廠商承辦之技術服務為「專案管理」者，其專案管理人員中應有多少比例以上為該廠商之專任職員？,train_ 435,284,二分之一
招標期限標準，第三條 ，機關辦理選擇性招標之廠商資格預先審查，其公告自刊登政府株購公報日起至截止收件日止之等標期，應視案件性質與廠商準備及遞送資格文件所需時間合理訂定之。前項等標期，除本標準或我國締結之條約或協定另有規定者外，不得少於下列期限：、未達公告金額之採購：七日。、公告金額以上未達巨額之採購：十日。、巨額之採購：十四日。機關邀請第一項符合資格之廠商投標，其自邀標日起至截止投標日止之等標期，準用前條第二項規定。,機關辦理非適用WTO政府採購協定之採購選擇性招標之廠商資格預先審查，公告金額以上未達巨額金額之採購，其等標期（未提供電子領投標及公開閱覽）不得少於幾日？,train_ 436,151,十日
投標廠商資格與特殊或巨額採購認定標準，第八條 ，採購金額在下列金額以上者，為巨額採購：一、工程採購，為新臺幣二億元。二、財物採購，為新臺幣一億元。三、勞務採購，為新臺幣二千萬元。,機關辦理新臺幣2億元之勞務採購，押標金收取額度何者有誤？,train_ 444,81,新臺幣二千萬元
電子採購作業辦法，第十一條 ，機關允許廠商電子投標者，得於招標文件中規定，以電子投標文件簽約，或於決標後於期限內以書面文件辦理簽約。前項書面文件內容應與電子投標文件相同。其不同者，以後者為準。,機關允許廠商以電子投標，決標後以書面文件辦理簽約，簽約內容應以何者為準,train_ 449,38,電子投標文件
共同供應契約實施辦法，第五條 ，前條第二項第五款所稱適用機關，得為下列情形之一：一、二以上機關共同協議由其中一機關訂約者，為參與協議之各機關。二、由中央各部、會、行、處、局、署等機關或各直轄市、縣（市）政府指定機關訂約者，為指定機關及其所屬機關，及本契約內約定之適用機關。三、由本法主管機關指定機關訂約者，為中央機關。,政府採購法主管機關指定行政院人事行政總處辦理英語線上訓練共同供應契約，該處再洽臺灣銀行採購部代辦採購，其簽訂共同供應契約之適用機關範圍為？,train_ 458,154,中央機關
招標期限標準，第三條 ，機關辦理選擇性招標之廠商資格預先審查，其公告自刊登政府株購公報日起至截止收件日止之等標期，應視案件性質與廠商準備及遞送資格文件所需時間合理訂定之。前項等標期，除本標準或我國締結之條約或協定另有規定者外，不得少於下列期限：、未達公告金額之採購：七日。、公告金額以上未達巨額之採購：十日。、巨額之採購：十四日。機關邀請第一項符合資格之廠商投標，其自邀標日起至截止投標日止之等標期，準用前條第二項規定。,某機關辦理印刷勞務採購，每年預算為250萬元，採建立合格廠商名單之選擇性招標，名單有效期為3年，其資格審查的公告等標期(無公開閱覽及電子領投標)應不少於幾日？,train_ 460,151,十日
機關辦理設計競賽廠商評選及計費辦法，第十四條 ，廠商之服務費用，得於契約規定於訂約後預付一部分，其餘按月或分期支付。但各次付款金額及條件應予訂明。前項預付一部分者，以不逾契約價金總額或契約價金上限之百分之三十為原則。,委託技術服務廠商之服務費用，得於契約規定於訂約後預付一部分，以不逾契約價金總額或契約價金上限之百分之幾為原則？,train_ 474,99,百分之三十
共同投標辦法，第四條 ，機關於招標文件中規定允許一定家數內之廠商共同投標者，以不超過五家為原則。機關並得就共同投標廠商各成員主辦事項之金額，於其共同投標協議書所載之比率下限予以限制。機關於招標文件中規定允許共同投標時，應並載明廠商得單獨投標。,機關於招標文件中規定允許一定家數內之廠商共同投標者，採購法規定以不超過幾家為原則？,train_ 476,42,五家
機關優先採購環境保護產品辦法，第十一條 ，機關依本辦法之規定優先採購環保產品，並允許價差優惠者，其優惠比率由機關視個別採購之特性及預算金額訂定之，並載明於招標文件。但不得逾百分之十。前項優惠比率，於可量化之情形下，得以投標廠商之環保產品於招標文件所定使用期間內，就預估較非環保產品省能源、增加社會利益或減少社會成本之總金額，除以非環保產品中合於招標文件規定之最低標價，並以其商數之百分數為實際優惠比率。前項實際優惠比率逾招標文件所定優惠比率者，以招標文件所定優惠比率計；未逾者，以實際優惠比率計。第二項可量化之情形，欲適用價差優惠之廠商應於投標文件內敘明其產品預估省能源、增加社會利益或減少社會成本之總金額及其計算方式。,機關依採購法第96條規定優先採購環保產品，並允許價差優惠者，其優惠比率由機關視個別採購之特性及預算金額訂定之，並載明於招標文件。但不得逾？,train_ 477,86,百分之十
電子採購作業辦法，第六條 ，機關利用主管機關指定之資訊系統辦理招標文件之公開發給、發售或公開閱覽，得免另備書面文件。機關允許廠商以電子化方式辦理領標（以下簡稱電子領標）或以電子化方式辦理投標（以下簡稱電子投標）者，應於招標公告及招標文件中訂明。,機關允許廠商以電子方式領標者應於何者中訂明？,train_ 481,109,招標公告及招標文件
政府採購公告及公報發行辦法，第十四條 ，機關依本法第六十二條規定彙送至主管機關之決標資料，除前條第一項規定應登載之事項外，應另包含下列事項：一、投標廠商家數及未得標廠商名稱。二、屬公共工程實施技師簽證者，其簽證範圍、項目及承辦技師科別、姓名、執業執照字號。三、預估分包予中小企業之金額。四、得標廠商於投標時在我國境內員工總人數逾一百人者，其總人數、僱用身心障礙者及原住民之人數。五、其他經主管機關指定者。公告金額十分之一以下之採購，得不適用前項規定。,事項何者無需傳輸至主管機關之政府採購資訊網站？,train_ 482,202,公告金額十分之一以下之採購
第五章驗收，第九十四條  ，採購之驗收，無初驗程序者，除契約另有規定者外，機關應於接獲廠商通知備驗或可得驗收之程序完成後三十日內辦理驗收，並作成驗收紀錄。,採購之驗收，無初驗程序者，除契約另有規定者外，機關應於接獲廠商通知備驗或可得驗收之程序完成後幾日內辦理驗收？,train_ 487,60,三十日
機關邀請或委託文化藝術專業人士機構團體提供藝文服務作業辦法條文，第四條 ，機關辦理藝文服務採購，符合下列情形之一者，得不經公告審查程序辦理：一、敘明邀請或委託對象之名稱、具專業素養、特質之情形及不經公告審查程序逕行邀請或委託之理由，經機關首長或其授權人員核准。二、駐國外機構依條約、協定，或同意書、盟約、瞭解備忘錄換函、照會、議定書等辦理之文化交流活動及相關合作計畫，經機關首長或其授權人員核准。巨額藝文服務採購不經公告審查程序辦理者，應由機關邀集機關人員二人及文化、藝術領域之專家學者七人開會審查，經三分之二以上人員出席，出席人員三分之二以上審查通過，簽報機關首長或其授權人員核准。,採購評選委員會議，出席委員中之專家學者人數應至少幾人且不得少於出席人數之三分之一？,train_ 488,228,二人
第一章總則，第十一條  ，本法第十二條第一項所稱監辦，指監辦人員實地監視或書面審核機關辦理開標、比價、議價、決標及驗收是否符合本法規定之程序。監辦人員採書面審核監辦者，應經機關首長或其授權人員核准。前項監辦，不包括涉及廠商資格、規格、商業條款、底價訂定、決標條件及驗收方法等實質或技術事項之審查。監辦人員發現該等事項有違反法令情形者，仍得提出意見。監辦人員對採購不符合本法規定程序而提出意見，辦理採購之主持人或主驗人如不接受，應納入紀錄，報機關首長或其授權人員決定之。但不接受上級機關監辦人員意見者，應報上級機關核准。,機關內之監辦人員對採購不符合採購法規定程序而提出意見，作法何者為正確之行為？,train_ 489,196,辦理採購之主持人或主驗人如不接受，應納入紀錄，報機關首長或其授權人員決定之
採購專業人員資格考試訓練發證及管理辦法，第十條 ，採購專業人員有下列情形之一者，喪失其採購專業人員資格：一、辦理採購業務，涉嫌不法行為，經有罪判決者。但經判決無罪確定者，予以回復。二、因辦理採購業務違反法令情節重大而受免除職務、撤職、剝奪、減少退休（職、伍）金、休職、降級、減俸、罰款、記過懲戒處分之判決者。但經再審撤銷原判決更為判決，致無上述情形者，予以回復。符合前項第一款情形者，並註銷其及格證書。第一項第二款情形，與操守無關，係偶發情形，且可改善者，經主管機關核准，得免喪失採購專業人員資格。,何者不是廠商得作為連帶保證廠商之規定？,train_ 491,228,經主管機關核准
採購專業人員資格考試訓練發證及管理辦法，第九條 ，採購專業人員辭職後五年內回任機關採購職務者，仍具採購專業人員資格。,依採購專業人員資格考試訓練發證及管理辦法規定，採購專業人員辭職後，於何期間內回任機關採購職務者，仍具採購專業人員資格？,train_ 492,34,五年
投標廠商資格與特殊或巨額採購認定標準，第三條 3，機關依前條第一款訂定與提供招標標的有關之基本資格時，得依採購案件之特性及實際需要，就下列事項擇定廠商應附具之證明文件：三、廠商依工業團體法或商業團體法加入工業或商業團體之證明。如會員證。第一項第三款加入工業或商業團體之證明，除法令另有規定外，不得限制由特定區域之團體出具；投標廠商為外國廠商者，得免附具。,何者屬「與提供招標標的有關」之投標廠商基本資格？,train_ 499,86,廠商依工業團體法或商業團體法加入工業或商業團體之證明
採購履約爭議調解規則，第二 十條 ，調解事件應自收受調解申請書之次日起四個月內完成調解程序。但經雙方同意延長者，得延長之。前項調解期間，於調解申請書尚未補正或調解費尚未補繳者，自收受補正文件或補繳調解費之次日起算；當事人於調解期間內，續以書面補具理由、陳報資料，或擴張請求而有補繳調解費之必要者，自最後收受補具理由書、陳報資料或補繳調解費之次日起算。,政府採購之調解應自收受調解申請書之次日起多久期間內完成調解程序。但經雙方同意延長者，得延長之？,train_ 504,35,四個月
機關優先採購環境保護產品辦法，第十三條 ，前條第一項第一款環保產品廠商僅一家者，機關得洽該廠商減價至最低標之標價決標；在二家以上者，機關得自標價低者起，依序洽各該環保產品廠商減價一次，由最先減至最低標之標價者得標。機關依前項規定依序洽各環保產品廠商減價時，應優先洽第一類及第二類產品廠商減價，無法決標時再洽第三類產品廠商減價。前條第一項第二款，招標文件所定價差優惠比率以內之環保產品廠商家數在二家以上者，機關應優先決標予第一類及第二類產品廠商，且不以第三類產品之標價是否低於第一類及第二類產品之標價為條件。,機關依採購法第96條第1項優先採購環保產品，並允許價差優惠者，招標文件所定價差優惠比率以內之環保產品廠商家數在2家以上者，優先決標對象為？,train_ 505,132,第一類及第二類產品廠商
第一章總則，第七條，本法所稱工程，指在地面上下新建、增建、改建、修建、拆除構造物與其所屬設備及改變自然環境之行為，包括建築、土木、水利、環境、交通、機械、電氣、化工及其他經主管機關認定之工程。本法所稱財物，指各種物品（生鮮農漁產品除外）、材料、設備、機具與其他動產、不動產、權利及其他經主管機關認定之財物。本法所稱勞務，指專業服務、技術服務、資訊服務、研究發展、營運管理、維修、訓練、勞力及其他經主管機關認定之勞務。採購兼有工程、財物、勞務二種以上性質，難以認定其歸屬者，按其性質所占預算金額比率最高者歸屬之。,機關採購兼有工程、財物、勞務2種以上性質，難以認定其歸屬者，係按其性質所占何項金額比率最高者歸屬之？,train_ 506,242,預算金額
替代方案實施辦法，第十三條 ，機關於招標文件中規定允許廠商於得標後提出替代方案且定有獎勵措施者，其獎勵額度，以不逾所減省契約價金之百分之五十為限。所減省之契約價金，並應扣除機關為處理替代方案所增加之必要費用。,機關辦理工程採購估驗計價，除契約另有約定，一般每期估驗款需扣除多少百分比之保留款？,train_ 514,65,百分之五
政府採購公告及公報發行辦法，第十三條 2，依本法第六十一條規定辦理決標結果之公告，應登載下列事項：七、有底價或評審委員會建議之金額或預算金額，且應予公開者，其金額。不予公開者，其理由。八、招標及決標方式。九、有招標公告或辦理資格審查公告者，其刊登採購公報日期。十、採限制性招標者，其依據之法條。十一、採購金額。十二、採最有利標或準用最有利標決標，得標廠商之總評分或總序位。十三、其他經主管機關指定者。以轉售為目的之採購，其決標金額涉及商業機密者，得不公告決標金額，但應附記不公告之理由。採用複數決標之方式者，其每一次決標及不同標的或底價之項目，應分別刊登決標公告。未達公告金額採購之決標公告，準用前三項之規定。,機關辦理公告金額以上未訂底價採最低標決標之採購，最低合格標之標價是否合理，由何者審定之？,train_ 515,55,評審委員會
中央機關未達公告金額採購招標辦法，第三條 ，機關依前條第一項第三款規定辦理第一次公告結果，未能取得三家以上廠商之書面報價或企劃書者，得經機關首長或其授權人員核准，改採限制性招標。其辦理第二次公告者，得不受三家廠商之限制。,未達公告金額之採購，以公開取得廠商之書面報價或企劃書方式辦理者，何者正確？,train_ 524,37,第一次公告結果，未能取得三家以上廠商之書面報價或企劃書者，得經機關首長或其授權人員核准，改採限制性招標
機關委託專業服務廠商評選及計費辦法修正條文，第十三條 ，服務成本加公費法，適用於計畫性質複雜，服務費用不易確實預估或履約成果不確定之服務案件。前項服務費用，得包括下列各款費用：一、直接費用：（二）管理費用：管理費用：包括未在直接薪資項下開支之管理及會計人員之薪資、保險費及退休金、辦公室費用、水電及冷暖氣費用、機器設備及傢俱等之折舊或租金、辦公事務費、機器設備之搬運費、郵電費、業務承攬費、廣告費、準備及結束工作所需費用、參加國內外專業會議費用、業務及人力發展費用、研究費用或專業聯繫費用及有關之稅捐等。但全部管理費用不得超過直接薪資扣除非經常性給與之獎金後之百分之一百。第二項第二款公費，應為定額，不得按直接薪資及管理費之金額依一定比率增加，且全部公費不得超過直接薪資扣除非經常性給與之獎金後與管理費用合計金額之百分之二十五。,機關辦理委託資訊服務之公開評選屬計畫性質複雜，服務費用不易確實預估或履約成果不確定之服務案件，服務費用之計算適用？,train_ 526,28,服務成本加公費法
最有利標評選辦法，第二十條 ，機關評定最有利標後，應於決標公告公布最有利標之標價及總評分或序位評比結果，並於主管機關之政府採購資訊網站公開下列資訊：一、評選委員會全部委員姓名及職業。二、評選委員會評定最有利標會議之出席委員姓名。評選委員會之會議紀錄及機關於委員評選後彙總製作之總表，除涉及個別廠商之商業機密者外，投標廠商並得申請閱覽、抄寫、複印或攝影。各出席委員之評分或序位評比表，除法令另有規定外，應保守秘密，不得申請閱覽、抄寫、複印或攝影。機關評定最有利標後，對於合於招標文件規定但未得標之廠商，應通知其最有利標之標價與總評分或序位評比結果及該未得標廠商之總評分或序位評比結果。,機關評定最有利標後，對於合於招標文件規定但未得標之廠商，應通知之事項，何者最完整正確？,train_ 528,254,最有利標之標價與總評分或序位評比結果及該未得標廠商之總評分或序位評比結果
機關委託技術服務廠商評選及計費辦法，第三十三條 ，服務須縮短時間完成者，得按縮短時間之程度酌增費用，其所增費用得專案議定。重覆性工程服務採用相同之設計圖說者，其設計費用應酌予折減給付。,委託技術服務須縮短時間完成者，得按縮短時間之程度酌增費用，其所增費用？,train_ 533,55,得專案議定
政府採購公告及公報發行辦法，第五條 ，下列政府採購資訊應公開於採購網站，必要時並得刊登採購公報：一、機關委託研究發展作業辦法第四條第二項規定之公告。二、本法第三十四條第一項但書規定之公開說明或公開徵求廠商提供參考資料之公告。三、本法第四十九條公開取得廠商書面報價或企劃書之公告。四、本法第一百條第二項多餘不用堪用財物之無償讓與公告。五、本法施行細則第二十一條第二項第二款邀請所有符合資格廠商投標之公告。六、其他經主管機關指定者。,那些資訊應公開於採購網站，必要時並得刊登採購公報？,train_ 540,150,多餘不用堪用財物之無償讓與公告
機關採購工作及審查小組設置及作業辦法訂定規定，第五條 ，本小組召開會議，由召集人召集並為主席；召集人無法出席或因故出缺時，由副召集人代理之。本小組會議，應有委員總額二分之一以上出席。本小組開會時，得視議題需要，邀請相關機關人員或專家、學者列席，協助審查及提供諮詢；並得通知機關主(會)計及政風單位列席，依權責協助提供意見。本小組委員及列席人員均為無給職。,何者屬「機關主會計及有關單位會同監辦採購辦法」所稱有關單位？,train_ 551,144,政風單位
第三章決標，第六十五條  ，機關依本法第五十二條第一項第四款採用複數決標方式者，應依下列原則辦理：一、招標文件訂明得由廠商分項報價之項目，或依不同數量報價之項目及數量之上、下限。二、訂有底價之採購，其底價依項目或數量分別訂定。三、押標金、保證金及其他擔保得依項目或數量分別繳納。四、得分項報價者，分項決標；得依不同數量報價者，依標價及可決標之數量依序決標，並得有不同之決標價。五、分項決標者，得分項簽約及驗收；依不同數量決標者，得分別簽約及驗收。,未達公告金額之採購，得免收押標金、保證金之情形為？,train_ 552,115,押標金、保證金
第三章決標，第五十三條，合於招標文件規定之投標廠商之最低標價超過底價時，得洽該最低標廠商減價一次；減價結果仍超過底價時，得由所有合於招標文件規定之投標廠商重新比減價格，比減價格不得逾三次。前項辦理結果，最低標價仍超過底價而不逾預算數額，機關確有緊急情事需決標時，應經原底價核定人或其授權人員核准，且不得超過底價百分之八。但查核金額以上之採購，超過底價百分之四者，應先報經上級機關核准後決標。,依政府採購法規定，機關辦理查核金額以上之採購，經減價結果最低標價超過底價百分之五而不逾預算數額，機關確有緊急情事需決標時，應經何者核准？,train_ 559,185,上級機關
採購評選委員會審議規則，第十一條 ，本委員會會議紀錄，應記載下列事項：一、採購案名稱。二、會議次別。三、會議時間。四、會議地點。五、主席姓名。六、出席及請假委員姓名。七、列席人員姓名。八、記錄人員姓名。九、報告事項之案由及決定。十、討論事項之案由及決議。十一、臨時動議之案由及決議。十二、其他應行記載之事項。前項會議紀錄至遲應於下次開會時分送各出席委員，並予確認。如有遺漏或錯誤，得於紀錄宣讀後，提請主席裁定更正。最後一次會議紀錄應於當次會議結束前作成並予確認。,採購評選委員會會議紀錄，除最後一次會議紀錄外，至遲應於何時分送各出席委員，並予確認。如有遺漏或錯誤，得於紀錄宣讀後，提請主席裁定更正？,train_ 560,164,下次開會時
採購契約要項，四十五、，逾期違約金，為損害賠償額預定性違約金，以日為單位，擇下列方式之一計算，載明於契約，並訂明扣抵方式：(一)定額。(二)契約金額之一定比率。前項違約金，以契約價金總額之百分之二十為上限。第一項扣抵方式，機關得自應付價金中扣抵；其有不足者，得通知廠商繳納或自保證金扣抵。,依採購契約要項，機關於採購契約規定逾期違約金，以契約價金總額之多少比率為上限？,train_ 567,94,百分之二十
第五章驗收，第九十三條  ，採購之驗收，有初驗程序者，初驗合格後，除契約另有規定者外，機關應於二十日內辦理驗收，並作成驗收紀錄。,採購之驗收，有初驗程序者，初驗合格後，除契約另有規定者外，機關應於幾日內辦理驗收，並作成驗收紀錄？,train_ 569,47,二十日
第三章決標，第 七十 條  ，機關於第一次比減價格前，應宣布最低標廠商減價結果；第二次以後比減價格前，應宣布前一次比減價格之最低標價。機關限制廠商比減價格或綜合評選之次數為一次或二次者，應於招標文件中規定或於比減價格或採行協商措施前通知參加比減價格或協商之廠商。參加比減價格或協商之廠商有下列情形之一者，機關得不通知其參加下一次之比減價格或協商：一、未能減至機關所宣布之前一次減價或比減價格之最低標價。二、依本法第六十條規定視同放棄。,機關採最有利標決標者，敘述何者不是採購法之規定？,train_ 570,21,比減價格
中央機關未達公告金額採購招標辦法，第二條 2，未達公告金額採購之招標，其金額逾公告金額十分之一者，得以下列方式之一辦理：二、符合本法第二十二條第一項第十六款所定情形，經需求、使用或承辦採購單位就個案敘明邀請指定廠商比價或議價之適當理由，簽報機關首長或其授權人員核准者，得採限制性招標，免報經主管機關認定。上級機關對於機關依前項第二款規定辦理者，得視需要訂定較嚴格之適用規定或授權條件。,未達公告金額採購之招標，其金額逾公告金額十分之一者，依「中央機關未達公告金額採購招標辦法」規定，符合採購法第22條第1項第16款採限制性招標者，應經需求、使用或承辦採購單位就個案敘明邀請指定廠商比價或議價之適當理由，並經何程序，得採限制性招標？,train_ 576,118,簽報機關首長或其授權人員核准
機關委託專業服務廠商評選及計費辦法修正條文，第十六條 ，廠商之服務費用，得於契約規定於訂約後預付一部分，其餘按月或分期支付。但各次付款金額及條件應予訂明。前項預付一部分者，以不逾契約總額或預估給付總額之百分之三十為原則。,機關依採購法第22條第1項第9款辦理委託資訊服務，有關廠商之服務費用，得於契約規定於訂約後預付一部分，但該部分不得超過契約總額上限之百分之幾為原則？,train_ 577,104,三十
政府採購公告及公報發行辦法，第十五條 ，依本法第六十一條規定辦理無法決標之公告，應登載下列事項：一、有案號者，其案號。二、機關之名稱、地址、聯絡人(或單位)及聯絡電話。三、招標標的之名稱及數量摘要。四、所使用之招標方式。五、無法決標之事由。六、未來是否繼續辦理採購。七、原招標公告或辦理資格審查公告之刊登採購公報日期。八、其他經主管機關指定者。前項公告，應於廢標後、重行招標前刊登，並不得超過廢標後二星期。取消採購或未達公告金額採購無法決標之公告，準用前二項之規定。本法第二十二條第一項第九款至第十一款規定之公開評選或公開徵求而無法決標之公告，準用前三項之規定。,依採購法第61條規定辦理無法決標之公告，應於廢標後、重行招標前刊登，並不得超過廢標後多少日？,train_ 578,199,二星期
最有利標評選辦法，第十六條 ，評定最有利標涉及評分者，招標文件應載明下列事項：一、各評選項目之配分。其子項有配分者，亦應載明。二、總滿分及其合格分數，或各評選項目之合格分數。三、總評分不合格者，不得作為協商對象或最有利標。個別子項不合格即不得作為協商對象或最有利標者，應於招標文件載明。價格納入評分者，其所占總滿分之比率，不得低於百分之二十，且不得逾百分之五十。,依最有利標評選辦法規定，價格納入評分者，其所占總滿分之比率不得逾？,train_ 579,175,百分之五十
第五章驗收，第九十一條  ，機關辦理驗收人員之分工如下：一、主驗人員：主持驗收程序，抽查驗核廠商履約結果有無與契約、圖說或貨樣規定不符，並決定不符時之處置。二、會驗人員：會同抽查驗核廠商履約結果有無與契約、圖說或貨樣規定不符，並會同決定不符時之處置。但採購事項單純者得免之。三、協驗人員：協助辦理驗收有關作業。但採購事項單純者得免之。會驗人員，為接管或使用機關(單位)人員。協驗人員，為設計、監造、承辦採購單位人員或機關委託之專業人員或機構人員。法令或契約載有驗收時應辦理丈量、檢驗或試驗之方法、程序或標準者，應依其規定辦理。有監驗人員者，其工作事項為監視驗收程序。,機關辦理驗收，得委託專業人員或機構人員擔任何種工作？,train_ 581,139,協驗
機關委託社會福利服務廠商評選及計費辦法，第八條 ，機關與評選優勝廠商之議價及決標，應依下列方式辦理，並載明於招標文件：一、優勝廠商為一家者，以議價方式辦理。二、優勝廠商有二家以上者，依優勝序位，以議價方式辦理。有二家以上廠商為同一優勝序位者，擇配分最高之評選項目之得分合計值較高者，優先議價；如配分最高之評選項目有兩項以上者，以該等項目得分合計值較高3者，優先議價。得分仍相同者，抽籤決定之。,依「機關委託社會福利服務廠商評選及計費辦法」之規定，機關與評選優勝廠商之議價及決標，何者為應載明於招標文件文件之方式？,train_ 582,61,優勝廠商為一家者，以議價方式辦理
投標廠商資格與特殊或巨額採購認定標準，第五條 1，機關辦理特殊或巨額採購，除依第二條規定訂定基本資格外，得視採購案件之特性及實際需要，就下列事項擇定投標廠商之特定資格，並載明於招標文件：一、具有相當經驗或實績者。其範圍得包括於截止投標日前五年内，完成與招標標的同性質或相當之工程、財物或勞務契約，其單次契約金額或數量不低於招標標的預算金額或數量之五分之二，或累計金額或數量不低於招標標的預算金額或數量，並得含採購機關（構）出具之驗收證明或敌用後功能正常之使用情形證明。二、具有相當財力者。其範圍得包括實收資本額不低於招標標的預算金額之十分之一，或經會計師簽證或審計機關審定之上一會計年度或最近一年度財務報告及其所附報表，其内容合於下列規定者·（一）權益不低於招標標的預算金額十二分之一（二）流動資産不低於流動負債。（三）總負債金額不超過權益四倍。但配合民營化政策之公營事業參加投標者，不在此限。第一項第一款及第二款所定期間、數量、金額或比例，機關不得縮限。但得視採購之性質及需要予以放寬；第二款所稱實收資本額，於有限公司、無限公司或兩合公司指資本總額。第二款第三目之總負債金額，應扣除依其他法律政府奬勵民間投資金額。機關依第一項第一款及第二款以預算金額訂定資格條件者，應於招標公告或招標文件載明預算金額。履約期間逾一年之勞務採購，其以提供勞力為主，且工作内容重複者，以第一年之預算金額訂定資格條件。,機關依採購法第101條規定通知廠商有查驗或驗收不合格情節重大之情形，且該廠商於機關通知日起前5年內被任一機關刊登2次，則經廠商提出異議申訴審議結果並無不實者，自刊登公報之次日起幾年內不得參加投標或作為決標或分包廠商？,train_ 588,296,一年
招標期限標準，第二條 ，機關辦理公開招標，其公告自刊登政府採購公報日起至截止投標日止之等標期，應視案件性質與廠商準備及遞送投標文件所需時間合理訂定之。前項等標期，除本標準或我國締結之條約或協定另有規定者外，不得少於下列期限：一、未達公告金額之採購：七日。二、公告金額以上未達查核金額之採購：十四日。三、查核金額以上未達巨額之採購：二十一日。四、巨額之採購：二十八日。依本法第四十二條第二項規定辦理後續階段之邀標，其等標期由機關視需要合理訂定之。但不得少於七日。,機關辦理公開招標，未達公告金額之採購，其等標期（未提供電子領投標及公開閱覽）不得少於幾日？,train_ 591,124,七日
第二章招標，第三十一條2，機關對於廠商所繳納之押標金，應於決標後無息發還未得標之廠商。廢標時，亦同。廠商有下列情形之一者，其所繳納之押標金，不予發還；其未依招標文件規定繳納或已發還者，並予追繳：五、得標後未於規定期限內，繳足保證金或提供擔保。六、對採購有關人員行求、期約或交付不正利益。七、其他經主管機關認定有影響採購公正之違反法令行為。前項追繳押標金之情形，屬廠商未依招標文件規定繳納者，追繳金額依招標文件中規定之額度定之；其為標價之一定比率而無標價可供計算者，以預算金額代之。第二項追繳押標金之請求權，因五年間不行使而消滅。前項期間，廠商未依招標文件規定繳納者，自開標日起算；機關已發還押標金者，自發還日起算；得追繳之原因發生或可得知悉在後者，自原因發生或可得知悉時起算。追繳押標金，自不予開標、不予決標、廢標或決標日起逾十五年者，不得行使。,招標文件未另定契約生效條件者，何者為契約生效日？,train_ 593,358,決標日
採購申訴審議委員會組織準則，第五條 ，前條第一項公正人士，應具備下列資格之一：一、曾任實任法官、檢察官或行政法院評事者。二、曾執行律師、會計師、建築師、技師或其他與政府購有關之專門職業人員業務五年以上者。三、曾任教育部認可之國内、外大專校院副教授以上職務三年以上，且教授法律或採購相關專門學科者。四、具有與政府採購相關領域之專門知識或技術，並在該領域服務五年以上者。,依政府採購法規定，機關承辦、監辦採購人員離職後幾年內不得為本人或代理廠商向原任職機關接洽處理離職前5年內與職務有關之事務？,train_ 598,127,三年
第七章附則，第一百零九條之一  ，機關依本法第一百零一條第三項規定給予廠商陳述意見之機會，應以書面告知，廠商於送達之次日起十日內，以書面或口頭向機關陳述意見。廠商依本法第一百零一條第三項規定以口頭方式向機關陳述意見時，應至機關指定場所陳述，機關應以文字、錄音或錄影等方式記錄。機關依本法第一百零一條第一項規定將其事實、理由及依第一百零三條第一項所定期間通知廠商時，應附記廠商如認為機關所為之通知違反本法或不實者，得於接獲通知之次日起二十日內，以書面向招標機關提出異議；未提出異議者，將刊登政府採購公報。機關依本法第一百零二條規定將異議處理結果以書面通知提出異議之廠商時，應附記廠商如對該處理結果不服，得於收受異議處理結果之次日起十五日內，以書面向採購申訴審議委員會提出申訴。,機關依採購法第101條規定將其事實及理由通知廠商時，應附記廠商如認為機關所為之通知違反採購法或不實者，得於接獲通知之次日起幾日內，以書面向招標機關提出異議；未提出異議者，將刊登政府採購公報？,train_ 600,216,二十日
押保辦法全文，第十八條 ，履約保證金之繳納期限，由機關視案件性質及實際需要，於招標文件中合理訂定之。查核金額以上之採購，應訂定十四日以上之合理期限。廠商未依規定期限繳納履約保證金，或繳納之額度不足或不合規定程式者，不予受理。但其情形可以補正者，機關應定期命其補正；逾期不補正者，不予受理。機關辦理簽約，得不以廠商先繳納履約保證金為條件。,機關辦理公開招標，公告金額以上未達查核金額之採購，其等標期（未提供電子領投標及公開閱覽）不得少於幾日？,train_ 607,63,十四日
最有利標評選辦法，第十六條 ，評定最有利標涉及評分者，招標文件應載明下列事項：一、各評選項目之配分。其子項有配分者，亦應載明。二、總滿分及其合格分數，或各評選項目之合格分數。三、總評分不合格者，不得作為協商對象或最有利標。個別子項不合格即不得作為協商對象或最有利標者，應於招標文件載明。價格納入評分者，其所占總滿分之比率，不得低於百分之二十，且不得逾百分之五十。,依最有利標評選辦法規定，價格納入評分者，其所占總滿分之比率不得低於？,train_ 608,165,百分之二十
第三章決標，第四十九條之一  ，公開招標、選擇性招標及限制性招標之比價，其招標文件所標示之開標時間，為等標期屆滿當日或次一上班日。但採分段開標者，其第二段以後之開標，不適用之。,於政府電子採購網新增公開取得報價單與企劃書公告，選擇不刊登政府採購公報，於星期一上班日下午17時35分傳輸，該公告於廠商端何時可以查詢？,train_ 613,59,次一上班日
機關辦理設計競賽廠商評選及計費辦法，第十三條 ，設計競賽優勝者須於獲選後提供製作成品服務者，機關得於招標文件規定得標廠商服務費用降低或實際績效提高時，得依其情形給付廠商獎勵性報酬。前項獎勵性報酬之給付方式如下，由機關於招標文件中訂明：一、屬服務費用降低者，為所減省之契約價金之一定比率。二、屬實際績效提高者，依契約所載計算方式給付。前項第一款一定比率，以不逾百分之五十為原則；第二款給付金額，以不逾契約價金總額或契約價金上限之百分之十為原則。。,押標金以不逾標價之多少比率為原則？,train_ 620,179,百分之五
投標廠商資格與特殊或巨額採購認定標準，第五條 1，機關辦理特殊或巨額採購，除依第二條規定訂定基本資格外，得視採購案件之特性及實際需要，就下列事項擇定投標廠商之特定資格，並載明於招標文件：一、具有相當經驗或實績者。其範圍得包括於截止投標日前五年内，完成與招標標的同性質或相當之工程、財物或勞務契約，其單次契約金額或數量不低於招標標的預算金額或數量之五分之二，或累計金額或數量不低於招標標的預算金額或數量，並得含採購機關（構）出具之驗收證明或敌用後功能正常之使用情形證明。二、具有相當財力者。其範圍得包括實收資本額不低於招標標的預算金額之十分之一，或經會計師簽證或審計機關審定之上一會計年度或最近一年度財務報告及其所附報表，其内容合於下列規定者·（一）權益不低於招標標的預算金額十二分之一（二）流動資産不低於流動負債。（三）總負債金額不超過權益四倍。但配合民營化政策之公營事業參加投標者，不在此限。第一項第一款及第二款所定期間、數量、金額或比例，機關不得縮限。但得視採購之性質及需要予以放寬；第二款所稱實收資本額，於有限公司、無限公司或兩合公司指資本總額。第二款第三目之總負債金額，應扣除依其他法律政府奬勵民間投資金額。機關依第一項第一款及第二款以預算金額訂定資格條件者，應於招標公告或招標文件載明預算金額。履約期間逾一年之勞務採購，其以提供勞力為主，且工作内容重複者，以第一年之預算金額訂定資格條件。,依採購法規定，歧視性別、原住民、身心障礙或弱勢團體人士，情節重大者，於幾年內不得參加投標或作為決標對象或分包廠商？,train_ 623,296,一年
採購人員倫理準則，第八條 ，採購人員不接受與職務或利益有關廠商之下列餽贈或招待，反不符合社會禮儀或習俗者，得予接受，不受前條之限制。但以非主動求取，且係偶發之情形為限。一、價值在新臺幣五百元以下之廣告物、促銷品、紀念品、禮物、折扣或服務。二、價值在新臺幣五百元以下之飲食招待。三、公開舉行且邀請一般人參加之餐會。四、其他經主管機關認定者。前項第一款，價值逾新臺幣五百元，退還有困難者，得於獲贈或知悉獲贈日起七日內付費收受、歸公或轉贈慈善機構。餽贈或招待係基於家庭或私人情誼所為者，不適用前二項規定。,與職務或利益有關廠商餽贈之禮物，其價值在新臺幣多少元，如不接受反不符合社會禮儀或習俗者，得予接受？,train_ 626,92,五百元
採購評選委員會審議規則，第十一條 ，本委員會會議紀錄，應記載下列事項：一、採購案名稱。二、會議次別。三、會議時間。四、會議地點。五、主席姓名。六、出席及請假委員姓名。七、列席人員姓名。八、記錄人員姓名。九、報告事項之案由及決定。十、討論事項之案由及決議。十一、臨時動議之案由及決議。十二、其他應行記載之事項。前項會議紀錄至遲應於下次開會時分送各出席委員，並予確認。如有遺漏或錯誤，得於紀錄宣讀後，提請主席裁定更正。最後一次會議紀錄應於當次會議結束前作成並予確認。,最後一次採購評選委員會會議紀錄應於何時作成並予確認？,train_ 631,217,當次會議結束前
採購履約爭議調解規則，第 十 條 1，申請調解事件有下列情形之一者，應提申訴會委員會議為不受理之決議。但其情形可補正者，應酌定相當期間命其補正：一、當事人不適格。二、已提起仲裁、申(聲)請調解或民事訴訟。但其程序已依法合意停止者，不在此限。三、曾經法定機關調解未成立。四、曾經法院判決確定。五、申請人係無行為能力或限制行為能力人，未由法定代理人合法代理。,申訴審議委員會就調解事件進行程序審查時，如發現申請人委託律師提出調解而未檢具委任狀時，應？,train_ 632,67,命其補正
機關委託專業服務廠商評選及計費辦法修正條文，第十三條 ，服務成本加公費法，適用於計畫性質複雜，服務費用不易確實預估或履約成果不確定之服務案件。前項服務費用，得包括下列各款費用：一、直接費用：（二）管理費用：管理費用：包括未在直接薪資項下開支之管理及會計人員之薪資、保險費及退休金、辦公室費用、水電及冷暖氣費用、機器設備及傢俱等之折舊或租金、辦公事務費、機器設備之搬運費、郵電費、業務承攬費、廣告費、準備及結束工作所需費用、參加國內外專業會議費用、業務及人力發展費用、研究費用或專業聯繫費用及有關之稅捐等。但全部管理費用不得超過直接薪資扣除非經常性給與之獎金後之百分之一百。第二項第二款公費，應為定額，不得按直接薪資及管理費之金額依一定比率增加，且全部公費不得超過直接薪資扣除非經常性給與之獎金後與管理費用合計金額之百分之二十五。,機關委託廠商承辦專業服務，其採服務成本加公費法計費者，其中「管理費用」之上限，不得超過「直接薪資扣除非經常性給與之獎金後」之比率為何？,train_ 633,280,百分之一百
第三章決標，第七十五條  ，決標依本法第五十二條第一項第二款規定辦理且設有評審委員會者，應先審查合於招標文件規定之最低標價後，再由評審委員會提出建議之金額。但標價合理者，評審委員會得不提出建議之金額。評審委員會提出建議之金額，機關依本法第五十四條規定辦理減價或比減價格結果在建議之金額以內時，除有本法第五十八條總標價或部分標價偏低之情形外，應即宣布決標。第一項建議之金額，於決標前應予保密，決標後除有第三十五條之情形者外，應予公開。,未訂底價之採購，評審委員會所提出建議之金額，敘述何者正確？,train_ 637,79,標價合理者，評審委員會得不提出建議之金額
第三章決標，第五十六條1，決標依第五十二條第一項第三款規定辦理者，應依招標文件所規定之評審標準，就廠商投標標的之技術、品質、功能、商業條款或價格等項目，作序位或計數之綜合評選，評定最有利標。價格或其與綜合評選項目評分之商數，得做為單獨評選之項目或決標之標準。未列入之項目，不得做為評選之參考。,以最有利標決標者，得將價格納入評選項目，何項次非屬評選價格之子項？,train_ 639,59,品質
第五章驗收，第一百零一條  ，公告金額以上之工程或財物採購，除符合第九十條第一項第一款或其他經主管機關認定之情形者外，應填具結算驗收證明書或其他類似文件。未達公告金額之工程或財物採購，得由機關視需要填具之。前項結算驗收證明書或其他類似文件，機關應於驗收完畢後十五日內填具，並經主驗及監驗人員分別簽認。但有特殊情形必須延期，經機關首長或其授權人員核准者，不在此限。,權利採購之性質分類，何者正確？,train_ 641,25,財物採購
採購評選委員會審議規則，第十四條之一，本委員會委員自接獲評選有關資料之時起，不得就該採購案參加投標、作為投標廠商之分包廠商或擔任工作成員；其有違反者，機關應不決標予該廠商。本委員會委員於所評採購個案決標後，不得擔任得標廠商該案之履約工作成員，或協助履約。得標廠商不得委任或聘任本委員會委員為前項之工作；其有違反者，機關得終止或解除該採購契約。,採購評選委員會委員自何時起，不得就該採購案參加投標、作為投標廠商之分包廠商或擔任工作成員？,train_ 648,26,接獲評選有關資料之時起
採購履約爭議調解收費辦法，第五條 2，以請求或確認金額為調解標的者，其調解費如下：五、金額在新臺幣三千萬元以上，未滿五千萬元者，新臺幣十五萬元。六、金額在新臺幣五千萬元以上，未滿一億元者，新臺幣二十萬元。七、金額新臺幣一億元以上，未滿三億元者，新臺幣三十五萬元。八、金額新臺幣三億元以上，未滿五億元者，新臺幣六十萬元。九、金額新臺幣五億元以上者，新臺幣一百萬元。前項調解標的之金額以外幣計算者，按申訴會收件日前一交易日臺灣銀行外匯小額交易收盤買入匯率折算之。,廠商或機關向採購申訴審議委員會申請履約爭議調解時，其調解標的金額為新臺幣（下同）5億元以上者，應繳納調解費？,train_ 649,176,一百萬元
投標廠商資格與特殊或巨額採購認定標準，第十三條 ，機關訂定投標廠商之特定資格時，應先評估可能符合特定資格之廠商家數，並檢討有無不當限制競爭之情形。,機關訂定投標廠商之特定資格時，何者為是？,train_ 657,40,應先評估可能符合特定資格之廠商家數，並檢討有無不當限制競爭之情形
招標期限標準，第二條 ，機關辦理公開招標，其公告自刊登政府採購公報日起至截止投標日止之等標期，應視案件性質與廠商準備及遞送投標文件所需時間合理訂定之。前項等標期，除本標準或我國締結之條約或協定另有規定者外，不得少於下列期限：一、未達公告金額之採購：七日。二、公告金額以上未達查核金額之採購：十四日。三、查核金額以上未達巨額之採購：二十一日。四、巨額之採購：二十八日。依本法第四十二條第二項規定辦理後續階段之邀標，其等標期由機關視需要合理訂定之。但不得少於七日。,機關辦理非適用WTO政府採購協定之巨額採購公開招標，其等標期（未提供電子領投標及公開閱覽）不得少於幾日？,train_ 663,178,二十八日
第三章決標，第五十四條  ，公開招標採分段開標者，其底價應於第一階段開標前定之。限制性招標之比價，其底價應於辦理比價之開標前定之。限制性招標之議價，訂定底價前應先參考廠商之報價或估價單。依本法第四十九條採公開取得三家以上廠商之書面報價或企劃書者，其底價應於進行比價或議價前定之。,限制性招標之議價，訂定底價前？,train_ 664,79,應先參考廠商之報價或估價單
第三章決標，第五十五條  ，本法第四十八條第一項所稱三家以上合格廠商投標，指機關辦理公開招標，有三家以上廠商投標，且符合下列規定者：一、依本法第三十三條規定將投標文件送達於招標機關或其指定之場所。二、無本法第五十條第一項規定不予開標之情形。三、無第三十三條第一項及第二項規定不予開標之情形。四、無第三十八條第一項規定不得參加投標之情形。,機關辦理公開招標，依採購法第42條第2項規定辦理後續階段之邀標，其等標期由「機關」視需要合理訂定之。前開所列「機關」係指何者？,train_ 665,86,招標機關
第二章招標，第二十二條  1，本法第二十二條第一項第一款所稱無廠商投標，指公告或邀請符合資格之廠商投標結果，無廠商投標或提出資格文件；所稱無合格標，指審標結果無廠商合於招標文件規定。但有廠商異議或申訴在處理中者，均不在此限。本法第二十二條第一項第二款所稱專屬權利，指已立法保護之智慧財產權。但不包括商標專用權。本法第二十二條第一項第五款所稱供應之標的，包括工程、財物或勞務；所稱以研究發展、實驗或開發性質辦理者，指以契約要求廠商進行研究發展、實驗或開發，以獲得原型或首次製造、供應之標的，並得包括測試品質或功能所為之限量生產或供應。但不包括商業目的或回收研究發展、實驗或開發成本所為之大量生產或供應。,何者不是屬採購法第22條第1項第2款因無其他合適替代標的得採限制性招標所稱之專屬權利？,train_ 666,149,商標專用權
招標期限標準，第二條 ，機關辦理公開招標，其公告自刊登政府採購公報日起至截止投標日止之等標期，應視案件性質與廠商準備及遞送投標文件所需時間合理訂定之。前項等標期，除本標準或我國締結之條約或協定另有規定者外，不得少於下列期限：一、未達公告金額之採購：七日。二、公告金額以上未達查核金額之採購：十四日。三、查核金額以上未達巨額之採購：二十一日。四、巨額之採購：二十八日。依本法第四十二條第二項規定辦理後續階段之邀標，其等標期由機關視需要合理訂定之。但不得少於七日。,機關辦理非適用WTO政府採購協定之採購公開招標，查核金額以上未達巨額金額之採購，其等標期（未提供電子領投標及公開閱覽）不得少於幾日？,train_ 668,165,二十一日
採購申訴審議收費辦法，第八條 ，廠商撤回申訴者，已繳審議費用不予退還。但於第一次預審會議期日前撤回者，無息退還二分之一。前條廠商已繳納而尚未發生之鑑定費及其他必要費用，應予退還。,採購申訴事件之代理人就其受委任事件，有為一切申訴行為之權。但何事項，非受特別委任，不得為之？,train_ 669,18,撤回申訴
押保辦法全文，第十八條 ，履約保證金之繳納期限，由機關視案件性質及實際需要，於招標文件中合理訂定之。查核金額以上之採購，應訂定十四日以上之合理期限。廠商未依規定期限繳納履約保證金，或繳納之額度不足或不合規定程式者，不予受理。但其情形可以補正者，機關應定期命其補正；逾期不補正者，不予受理。機關辦理簽約，得不以廠商先繳納履約保證金為條件。,履約保證金之繳納期限，就查核金額以上之採購，應訂定幾日以上之合理期限？,train_ 676,63,十四日
採購人員倫理準則，第七條 3，採購人員不得有下列行為：十六、為廠商請託或關說。十七、意圖為私人不正利益而高估預算、底價或應付契約價金，或為不當之規劃、設計、招標、審標、決標、履約管理或驗收。十八、藉婚喪喜慶機會向廠商索取金錢或財物。十九、從事足以影響採購人員尊嚴或使一般人認其有不能公正執行職務之事務或活動。二十、其他經主管機關認定者。,政府採購履約爭議調解程序，不適用廠商與機關何種爭議（何者為非）？,train_ 685,78,招標、審標、決標
招標期限標準，第二條 ，機關辦理公開招標，其公告自刊登政府採購公報日起至截止投標日止之等標期，應視案件性質與廠商準備及遞送投標文件所需時間合理訂定之。前項等標期，除本標準或我國締結之條約或協定另有規定者外，不得少於下列期限：一、未達公告金額之採購：七日。二、公告金額以上未達查核金額之採購：十四日。三、查核金額以上未達巨額之採購：二十一日。四、巨額之採購：二十八日。依本法第四十二條第二項規定辦理後續階段之邀標，其等標期由機關視需要合理訂定之。但不得少於七日。,機關辦理未達公告金額採購之公開招標，如無可縮短之情形，依招標期限標準之規定，其等標期不得少於？,train_ 708,124,七日
第二章招標，第二十二條  2，本法第二十二條第一項第五款所稱供應之標的，包括工程、財物或勞務；所稱以研究發展、實驗或開發性質辦理者，指以契約要求廠商進行研究發展、實驗或開發，以獲得原型或首次製造、供應之標的，並得包括測試品質或功能所為之限量生產或供應。但不包括商業目的或回收研究發展、實驗或開發成本所為之大量生產或供應。本法第二十二條第一項第六款所稱百分之五十，指追加累計金額占原主契約金額之比率。本法第二十二條第一項第十二款所稱身心障礙者、身心障礙福利機構或團體及庇護工場，其認定依身心障礙者權益保障法之規定；所稱原住民，其認定依原住民身分法之規定。,機關在原招標目的範圍內，因未能預見之情形，必須追加契約以外之工程，如另行招標，確有產生重大不便及技術或經濟上困難之虞，非洽原訂約廠商辦理，不能達契約之目的，且未逾原主契約金額百分之五十者，得採限制性招標。所稱百分之五十，何者正確？,train_ 710,182,追加累計金額占原主契約金額之比率
招標期限標準，第二條 ，機關辦理公開招標，其公告自刊登政府採購公報日起至截止投標日止之等標期，應視案件性質與廠商準備及遞送投標文件所需時間合理訂定之。前項等標期，除本標準或我國締結之條約或協定另有規定者外，不得少於下列期限：一、未達公告金額之採購：七日。二、公告金額以上未達查核金額之採購：十四日。三、查核金額以上未達巨額之採購：二十一日。四、巨額之採購：二十八日。依本法第四十二條第二項規定辦理後續階段之邀標，其等標期由機關視需要合理訂定之。但不得少於七日。,機關辦理公開招標（未提供電子領投標及公開閱覽），依採購法第42條第2項規定，辦理後續階段之邀標，由機關視需要合理訂定之，但等標期不得少於幾日？,train_ 712,124,七日
資訊服務，第十一條 ，機關與評選優勝廠商之議價及決標，應依下列方式之一辦理，並載明於於招標文件：一、優勝廠商為一家者，以議價方式辦理。二、優勝廠商在二家以上者，依優勝序位，自最優勝者起，依序以議價方式辦理。但有二家以上廠商為同一優勝序位者，以標價低者優先議價。,機關辦理資訊服務採購案，採固定金額給付，其經評選結果2家廠商序位相同，何者非屬機關得採行之方式？,train_ 717,120,以標價低者優先議價
招標期限標準，第三條 ，機關辦理選擇性招標之廠商資格預先審查，其公告自刊登政府株購公報日起至截止收件日止之等標期，應視案件性質與廠商準備及遞送資格文件所需時間合理訂定之。前項等標期，除本標準或我國締結之條約或協定另有規定者外，不得少於下列期限：、未達公告金額之採購：七日。、公告金額以上未達巨額之採購：十日。、巨額之採購：十四日。機關邀請第一項符合資格之廠商投標，其自邀標日起至截止投標日止之等標期，準用前條第二項規定。,機關辦理非適用WTO政府採購協定之採購選擇性招標之廠商資格預先審查，未達公告金額之採購，其等標期（未提供電子領投標及公開閱覽）不得少於幾日？,train_ 720,133,七日
採購履約爭議調解收費辦法，第五條 2，以請求或確認金額為調解標的者，其調解費如下：五、金額在新臺幣三千萬元以上，未滿五千萬元者，新臺幣十五萬元。六、金額在新臺幣五千萬元以上，未滿一億元者，新臺幣二十萬元。七、金額新臺幣一億元以上，未滿三億元者，新臺幣三十五萬元。八、金額新臺幣三億元以上，未滿五億元者，新臺幣六十萬元。九、金額新臺幣五億元以上者，新臺幣一百萬元。前項調解標的之金額以外幣計算者，按申訴會收件日前一交易日臺灣銀行外匯小額交易收盤買入匯率折算之。,財物採購之採購金額在何種金額以上，係為巨額採購？,train_ 724,106,新臺幣一億元
採購申訴審議委員會組織準則，第四條 ，申訴會置委員七人至三十五人，除主任委員、副主任委員為當然委員外，由主管機關或直轄市、縣（市）政府就本機關高級人員或具有法律或採購相關專門知識之公正人士派（聘）兼之。前項委員，由本機關高級人員兼任者最多三人，且不得超過全體委員人數五分之一第一項聘任之委員，任期二年；期滿得續聘之。,主管機關及直轄市、縣（市）政府為處理中央及地方機關採購之廠商申訴及機關與廠商間之履約爭議調解，分別設採購申訴審議委員會；置委員至多？,train_ 726,28,三十五人
押保辦法全文，第二十條 1，履約保證金及其孳息得不予發還之情形，由機關視案件性質及實際需要，於招標文件中訂明。機關得於招標文件中規定，廠商所繳納之履約保證金（含其孳息，本項以下同），得部分或全部不發還之情形如下：一、有本法第五十條第一項第三款至第五款、第七款情形之一，依同條第二項前段得追償損失者，與追償金額相等之保證金。二、違反本法第六十五條規定轉包者，全部保證金。前項不予發還之履約保證金，於依契約規定分次發還之情形，得為尚未發還者；不予發還之孳息，為不予發還之履約保證金於繳納後所生者。同一契約有第二項二款以上情形者，應分別適用之。但其合計金額逾履約保證金總金額者，以總金額為限。第四章預付款還款保證,機關得於招標文件中規定，違反採購法第65條規定轉包者，廠商所繳納之何種比率履約保證金（含其孳息）不予發還？,train_ 729,95,全部
機關委託技術服務廠商評選及計費辦法，第二十九條 1，機關委託廠商辦理技術服務，服務費用採建造費用百分比法計費者，其服務費率應按工程內容、服務項目及難易度，參考附表一至附表四，訂定建造費用之費率級距及各級費率，簽報機關首長或其授權人員核定，並於招標文件中載明。服務項目屬附表所載不包括者，其費用不含於建造費用百分比法計費範圍，應單獨列項供廠商報價，或參考第二十五條之一規定估算結果，於招標文件中載明固定費用。第一項建造費用，指經機關核定之工程採購底價金額或評審委員會建議金額，不包括規費、規劃費、設計費、監造費、專案管理費、物價指數調整工程款、營業稅、土地及權利費用、法律費用、主辦機關所需工程管理費、承包商辦理工程之各項利息、保險費及招標文件所載其他除外費用。,何者計費方式不適用於專業服務採購？,train_ 739,44,建造費用百分比法
投標廠商資格與特殊或巨額採購認定標準，第八條 ，採購金額在下列金額以上者，為巨額採購：一、工程採購，為新臺幣二億元。二、財物採購，為新臺幣一億元。三、勞務採購，為新臺幣二千萬元。,機關辦理預算金額為新臺幣2億元巨額工程採購之公開招標，經評估有訂定特定資格之必要，其契約累計金額之訂定最高得規定廠商提報之累計實績金額為不低於新臺幣多少金額？,train_ 743,54,二億元
機關委託專業服務廠商評選及計費辦法修正條文，第九條 ，前條決標，應依下列規定之一辦理：一、招標文件已訂明固定服務費用或費率者，依該服務費用或費率決標。二、招標文件未訂明固定服務費用或費率者，其超底價決標或廢標適用本法第五十三條第二項及第五十四條之規定。機關訂定前項第二款之底價，適用本法第四十六條規定。議價廠商之報價合理且在預算金額以內者，機關得依其報價訂定底價，照價決標。,敘述何者為正確？,train_ 745,45,招標文件已訂明固定服務費用或費率者，依該服務費用或費率決標
政府採購公告及公報發行辦法，第四條 1，下列政府採購資訊應刊登採購公報一日，並公開於主管機關之政府採購資訊網站（以下簡稱採購網站）：一、本法第二十二條第一項第九款至第十一款、第十四款規定之公開評選、公開徵求或審查之公告。二、本法第二十七條第一項規定之招標公告及辦理資格審查之公告。三、本法第四十一條第二項規定之變更或補充招標文件內容之公告及必要之釋疑公告。四、本法第六十一條規定之決標結果或無法決標之公告。,採購法第102條第3項規定之廠商名稱與相關情形（拒絕往來廠商），何者正確？,train_ 749,28,應刊登採購公報一日，並公開於主管機關之政府採購資訊網站
第七章附則，第一百零九條之一  ，機關依本法第一百零一條第三項規定給予廠商陳述意見之機會，應以書面告知，廠商於送達之次日起十日內，以書面或口頭向機關陳述意見。廠商依本法第一百零一條第三項規定以口頭方式向機關陳述意見時，應至機關指定場所陳述，機關應以文字、錄音或錄影等方式記錄。機關依本法第一百零一條第一項規定將其事實、理由及依第一百零三條第一項所定期間通知廠商時，應附記廠商如認為機關所為之通知違反本法或不實者，得於接獲通知之次日起二十日內，以書面向招標機關提出異議；未提出異議者，將刊登政府採購公報。機關依本法第一百零二條規定將異議處理結果以書面通知提出異議之廠商時，應附記廠商如對該處理結果不服，得於收受異議處理結果之次日起十五日內，以書面向採購申訴審議委員會提出申訴。,機關依採購法第102條規定將異議處理結果以書面通知提出異議之廠商時，應附記廠商如對於該處理結果不服，得於收受異議處理結果之次日起幾日內，以書面向採購申訴審議委員會提出申訴？,train_ 756,314,十五日
第六章爭議處理，第一百零五條  ，異議逾越法定期間者，應不予受理，並以書面通知提出異議之廠商。,廠商對於機關辦理之採購提出異議逾法定期限時，機關對於異議之處置，何者為是？,train_ 760,27,應不予受理
統包實施辦法，第八條 ，機關以統包辦理招標，應於招標文件規定下列事項：一、得標廠商之設計應送機關或其指定機構審查後，始得據以施工或供應、安裝。二、設計有變更之必要者，應經機關同意或依機關之通知辦理。其變更係不可歸責於廠商者，廠商得向機關請求償付履約所增加之必要費用。三、設計結果不符合契約規定或無法依機關之通知變更者，機關得終止或解除契約。,機關辦理委託資訊服務，其服務費用未達公告金額者，何者不是得適用之採購方式？,train_ 762,0,統包
機關辦理設計競賽廠商評選及計費辦法，第十三條 ，設計競賽優勝者須於獲選後提供製作成品服務者，機關得於招標文件規定得標廠商服務費用降低或實際績效提高時，得依其情形給付廠商獎勵性報酬。前項獎勵性報酬之給付方式如下，由機關於招標文件中訂明：一、屬服務費用降低者，為所減省之契約價金之一定比率。二、屬實際績效提高者，依契約所載計算方式給付。前項第一款一定比率，以不逾百分之五十為原則；第二款給付金額，以不逾契約價金總額或契約價金上限之百分之十為原則。。,機關辦理設計競賽，其採服務成本加公費法者，得於招標文件規定得標廠商服務費用降低或實際績效提高時，得依情形給付廠商獎勵性報酬，其屬服務費用降低者，為所減省之契約價金金額之一定比率，以不逾百分之五十為原則，其屬實際績效提高者之契約給付金額，以不逾契約價金總額或契約價金上限之百分之幾為原則？,train_ 765,19,十
第二章招標，第十八條，採購之招標方式，分為公開招標、選擇性招標及限制性招標。本法所稱公開招標，指以公告方式邀請不特定廠商投標。本法所稱選擇性招標，指以公告方式預先依一定資格條件辦理廠商資格審查後，再行邀請符合資格之廠商投標。本法所稱限制性招標，指不經公告程序，邀請二家以上廠商比價或僅邀請一家廠商議價。,機關依採購法第22條第1項第9款規定辦理評選資訊服務廠商，其投標廠商有幾家即可開標？,train_ 767,144,一家
第二章招標，第三十六條  ，投標廠商應符合之資格之一部分，得以分包廠商就其分包部分所具有者代之。但以招標文件已允許以分包廠商之資格代之者為限。前項分包廠商及其分包部分，投標廠商於得標後不得變更。但有特殊情形必須變更者，以具有不低於原分包廠商就其分包部分所具有之資格，並經機關同意者為限。,依採購法規定，招標文件規定何者適法？,train_ 770,14,投標廠商應符合之資格之一部分，得以分包廠商就其分包部分所具有者代之
採購評選委員會審議規則，第九條 ，本委員會會議，應有委員總額二分之一以上出席，其決議應經出席委員過半數之同意行之。出席委員中之專家、學者人數應至少二人且不得少於出席人數之三分之一。本委員會委員有第十四條情形或其他原因未能繼續擔任委員，致委員總額或專家、學者人數未達本法第九十四條第一項關於人數之規定者，應另行遴選委員補足之。第一項會議表決時，主席得命本委員會以外之人員退席。但不包括應全程出席之承辦人員。第一項會議，應作成紀錄，由出席委員全體簽名。,採購評選委員會會議，應有委員總額多少以上人員出席，其決議應經出席委員過半數之同意行之？,train_ 772,30,二分之一
中央機關未達公告金額採購監辦辦法，第三條 1，主(會)計或有關單位對於前條通知，其有下列情形之一者，得不派員監辦：一、地區偏遠。二、經常性採購。三、重複性採購，已有監辦前例。四、採購標的於市場已普遍銷售。五、依本法第四十條規定洽由其他具有專業能力之機關代辦。六、利用本法第九十三條共同供應契約辦理之採購。七、以會議審查方式辦理勞務採購驗收者。八、以書面或電子化方式進行開標、比價、議價、決標及驗收程序，而以會簽主(會)計或有關單位方式處理者。,何種採購不允許採統包方式辦理？,train_ 775,163,勞務採購
機關委託專業服務廠商評選及計費辦法修正條文，第十七條 ，機關委託廠商承辦專業服務，其履約期間在一年以上者，得於契約內訂明自第二年起得隨物價指數調整契約價金，並敘明其所適用之調整項目、調整方式及調整金額上限。,機關委託廠商承辦專業服務，其履約期限達多少時間以上，得於契約內訂明自該期間屆滿之次年起得隨物價指數調整契約價金？,train_ 778,47,一年
第一章總則，第 六 條  1，機關辦理採購，其屬巨額採購、查核金額以上之採購、公告金額以上之採購或小額採購，依採購金額於招標前認定之；其採購金額之計算方式如下：一、採分批辦理採購者，依全部批數之預算總額認定之。二、依本法第五十二條第一項第四款採複數決標者，依全部項目或數量之預算總額認定之。但項目之標的不同者，依個別項目之預算金額認定之。三、招標文件含有選購或後續擴充項目者，應將預估選購或擴充項目所需金額計入。四、採購項目之預算案尚未經立法程序者，應將預估需用金額計入。五、採單價決標者，依預估採購所需金額認定之。,採購金額之計算方式，何者正確？,train_ 788,82,採分批辦理採購者，依全部批數之預算總額認定之
特別採購招標決標處理辦法，第八條 ，公務機關依本法第一百零五條第一項第三款提供財物或勞務予其他機關之年度總額達巨額採購金額，且占該公務機關年收入之百分之五十以上者，其上級機關應檢討該公務機關年度內提供財物或勞務予其他機關之成本效益。前項成本效益分析結果欠佳，且有其他廠商能以更優惠之價格或條件提供相同或更佳之財物或勞務者，上級機關應避免核准所屬公務機關依本法第一百零五條第一項第三款辦理採購。,公務機關依政府採購法第105條第1項第3款提供財物或勞務予其他機關之年度總額達巨額採購金額，且占該公務機關年收入之多少比例以上者，其上級機關應檢討該公務機關年度內提供財物或勞務予其他機關之成本效益？,train_ 789,73,百分之五十
機關主會計及有關單位會同監辦採購辦法全部條文，第八條 ，採購案之承辦人員不得為該採購案之監辦人員。,何者不得為該採購案之監辦人員？,train_ 790,28,採購案之承辦人員
招標期限標準，第九條 ，機關辦理採購，除我國締結之條約或協定另有規定者外，其等標期得依下列情形縮短之：一、於招標前將招標文件稿辦理公開鬩覽且招標文件内容未經重大改變者，等標期得縮短五日。但縮短後不得少於十日。二、依本法第九十三條之一規定辦理電子領標並於招標公告斂明者，等標期得縮短三日。但縮短後不得少於五日。三、依本法第九十三條之一規定辦理電子投標並於招標公告或招標文件斂明者，等標期得縮短二日。但縮短後不得少於五日。,機關辦理未達公告金額之採購，依公開取得書面報價刊登招標公告資訊網路，其第1次之等標期(提供有電子領投標)不得少於幾日？,train_ 792,90,五日
機關辦理設計競賽廠商評選及計費辦法，第十二條 ，設計成果之製作費用，以採總包價法為原則。但屬得標廠商代收及代付之費用，得核實給付。,機關辦理設計競賽廠商評選，得標廠商進行設計成果製作，其成果製作費用以何種方式計費為原則？,train_ 794,36,總包價法
機關委託專業服務廠商評選及計費辦法修正條文，第十三條 ，服務成本加公費法，適用於計畫性質複雜，服務費用不易確實預估或履約成果不確定之服務案件。前項服務費用，得包括下列各款費用：一、直接費用：（二）管理費用：管理費用：包括未在直接薪資項下開支之管理及會計人員之薪資、保險費及退休金、辦公室費用、水電及冷暖氣費用、機器設備及傢俱等之折舊或租金、辦公事務費、機器設備之搬運費、郵電費、業務承攬費、廣告費、準備及結束工作所需費用、參加國內外專業會議費用、業務及人力發展費用、研究費用或專業聯繫費用及有關之稅捐等。但全部管理費用不得超過直接薪資扣除非經常性給與之獎金後之百分之一百。第二項第二款公費，應為定額，不得按直接薪資及管理費之金額依一定比率增加，且全部公費不得超過直接薪資扣除非經常性給與之獎金後與管理費用合計金額之百分之二十五。,機關委託廠商辦理技術服務，其採成本加公費法計費者，其中「公費」部分應為定額，且應以直接薪資扣除非經常性給與之獎金後與管理費用合計金額多少範圍內為限？,train_ 801,357,百分之二十五
特別採購招標決標處理辦法，第二條 ，本法第一百零五條第一項所稱得不適用之本法招標及決標規定，指本法第二章及第三章之規定。但不包括本法第三十四條、第五十條及第五十八條至第六十二條之規定。,公務機關間財物或勞務之取得，經雙方直屬上級機關核准者，得不適用採購法招標、決標之規定。但不包括採購法哪些條文之規定？,train_ 804,83,第六十二條
採購評選委員會審議規則，第九條 ，本委員會會議，應有委員總額二分之一以上出席，其決議應經出席委員過半數之同意行之。出席委員中之專家、學者人數應至少二人且不得少於出席人數之三分之一。本委員會委員有第十四條情形或其他原因未能繼續擔任委員，致委員總額或專家、學者人數未達本法第九十四條第一項關於人數之規定者，應另行遴選委員補足之。第一項會議表決時，主席得命本委員會以外之人員退席。但不包括應全程出席之承辦人員。第一項會議，應作成紀錄，由出席委員全體簽名。,採購評選委員會會議，出席委員中之專家學者人數應至少二人且不得少於出席委員人數之比率為何？,train_ 805,85,三分之一
第三章決標，第五十三條  ，機關訂定底價，應由規劃、設計、需求或使用單位提出預估金額及其分析後，由承辦採購單位簽報機關首長或其授權人員核定。但重複性採購或未達公告金額之採購，得由承辦採購單位逕行簽報核定。,機關訂定底價時，何種採購得由承辦採購單位逕行簽報核定，免經規劃設計或使用單位提出預估金額及其分析？,train_ 808,71,重複性採購
第三章決標，第七十九條  ，本法第五十八條所稱總標價偏低，指下列情形之一：一、訂有底價之採購，廠商之總標價低於底價百分之八十者。二、未訂底價之採購，廠商之總標價經評審或評選委員會認為偏低者。三、未訂底價且未設置評審委員會或評選委員會之採購，廠商之總標價低於預算金額或預估需用金額之百分之七十者。預算案尚未經立法程序者，以預估需用金額計算之。,哪些情況屬採購法第58條所稱總標價或部分標價偏低之情形？,valid_ 1,39,訂有底價之採購，廠商之總標價低於底價百分之八十者
最有利標評選辦法，第十條 ，評選最有利標，為利評選委員對廠商於各評選項目之表現為更深入之瞭解，得輔以廠商簡報及現場詢答。前項廠商簡報及現場詢答，應與評選項目有關；其列為評選項目者，所占配分或權重不得逾百分之二十。第一項簡報不得更改廠商投標文件內容。廠商另外提出變更或補充資料者，該資料應不納入評選。投標廠商未出席簡報及現場詢答者，不影響其投標文件之有效性。,辦理最有利標，將廠商簡報及現場詢答列為評選項目者，所占配分或權重不得逾？,valid_ 3,100,百分之二十
機關委託技術服務廠商評選及計費辦法，第二十五條 ，機關委託廠商辦理技術服務，其服務費用之計算，應視技術服務類別、性質、規模、工作範圍、工作區域、工作環境或工作期限等情形，就下列方式擇定一種或二種以上符合需要者訂明於契約：一、服務成本加公費法。二、建造費用百分比法。三、按月、按日或按時計酬法。四、總包價法或單價計算法。依前項計算之服務費用，應參酌一般收費情形核實議定。其必須核實另支費用者，應於契約內訂明項目及費用範圍。,何者計費方式不適用於單獨規劃服務之採購？,valid_ 4,123,建造費用百分比法
採購申訴審議收費辦法，第四條 ，前條審議費，每一申訴事件為新臺幣三萬元，由申訴廠商以現金、公庫支票、郵政匯票、金融機構簽發之即期本票、支票或保付支票繳納。,政府採購申訴案件每一案件之收費（新臺幣）為？,valid_ 7,32,三萬元
機關邀請或委託文化藝術專業人士機構團體提供藝文服務作業辦法條文，第四條 ，機關辦理藝文服務採購，符合下列情形之一者，得不經公告審查程序辦理：一、敘明邀請或委託對象之名稱、具專業素養、特質之情形及不經公告審查程序逕行邀請或委託之理由，經機關首長或其授權人員核准。二、駐國外機構依條約、協定，或同意書、盟約、瞭解備忘錄換函、照會、議定書等辦理之文化交流活動及相關合作計畫，經機關首長或其授權人員核准。巨額藝文服務採購不經公告審查程序辦理者，應由機關邀集機關人員二人及文化、藝術領域之專家學者七人開會審查，經三分之二以上人員出席，出席人員三分之二以上審查通過，簽報機關首長或其授權人員核准。,機關辦理採購以最有利標決標，成立評選委員會時若委員共5人，則專家學者人數至少為幾人？,valid_ 8,228,二人
第二章招標，第三十四條，機關辦理採購，其招標文件於公告前應予保密。但須公開說明或藉以公開徵求廠商提供參考資料者，不在此限。機關辦理招標，不得於開標前洩漏底價，領標、投標廠商之名稱與家數及其他足以造成限制競爭或不公平競爭之相關資料。底價於開標後至決標前，仍應保密，決標後除有特殊情形外，應予公開。但機關依實際需要，得於招標文件中公告底價。機關對於廠商投標文件，除供公務上使用或法令另有規定外，應保守秘密。,何者非屬政府採購錯誤行為態樣之一？,valid_ 13,163,公告底價
第一章總則，第 八 條  ，機關辦理查核金額以上採購之決標，其決標不與開標、比價或議價合併辦理者，應於預定決標日三日前，檢送審標結果，報請上級機關派員監辦。前項決標與開標、比價或議價合併辦理者，應於決標前當場確認審標結果，並列入紀錄。,何者不是採購法規定上級機關應監辦之事項？,valid_ 17,62,審標
第三章決標，第四十九條之一  ，公開招標、選擇性招標及限制性招標之比價，其招標文件所標示之開標時間，為等標期屆滿當日或次一上班日。但採分段開標者，其第二段以後之開標，不適用之。,機關辦理公開招標，採不分段開標者，其招標文件所標示之開標時間，何者正確？,valid_ 22,50,為等標期屆滿當日或次一上班日
採購評選委員會審議規則，第九條 ，本委員會會議，應有委員總額二分之一以上出席，其決議應經出席委員過半數之同意行之。出席委員中之專家、學者人數應至少二人且不得少於出席人數之三分之一。本委員會委員有第十四條情形或其他原因未能繼續擔任委員，致委員總額或專家、學者人數未達本法第九十四條第一項關於人數之規定者，應另行遴選委員補足之。第一項會議表決時，主席得命本委員會以外之人員退席。但不包括應全程出席之承辦人員。第一項會議，應作成紀錄，由出席委員全體簽名。,採購評選委員會中之專家學者人數不得少於委員總人數之幾分之幾？,valid_ 25,85,三分之一
中央機關未達公告金額採購招標辦法，第二條 1，未達公告金額採購之招標，其金額逾公告金額十分之一者，得以下列方式之一辦理：一、符合本法第二十二條第一項第一款至第十五款所定情形之一者，得採限制性招標。三、依本法第四十九條之規定，將公開徵求廠商提供書面報價或企劃書之公告，公開於主管機關之資訊網路或刊登於政府採購公報，以取得三家以上廠商之書面報價或企劃書，擇符合需要者辦理比價或議價。第一項第三款規定情形，機關得於公告或招標文件中訂明開標時間地點，並於開標後當場審查，逕行辦理決標。,機關辦理經常性採購，其依採購法第49條規定，將公開徵求廠商提供書面報價或企劃書之公告，公開於主管機關之資訊網路或刊登於政府採購公報，第1次應取得幾家以上廠商之書面報價或企劃書，擇符合需要者辦理比價或議價？,valid_ 31,159,三家
招標期限標準，第九條 ，機關辦理採購，除我國締結之條約或協定另有規定者外，其等標期得依下列情形縮短之：一、於招標前將招標文件稿辦理公開鬩覽且招標文件内容未經重大改變者，等標期得縮短五日。但縮短後不得少於十日。二、依本法第九十三條之一規定辦理電子領標並於招標公告斂明者，等標期得縮短三日。但縮短後不得少於五日。三、依本法第九十三條之一規定辦理電子投標並於招標公告或招標文件斂明者，等標期得縮短二日。但縮短後不得少於五日。,機關辦理招標文件公開閱覽，未採網路電子化閱覽者，應於上班時間內為之，並不得少於幾日？,valid_ 36,90,五日
機關委託專業服務廠商評選及計費辦法修正條文，第十四條 ，機關委託廠商承辦專業服務，得於招標文件規定得標廠商服務費用降低或實際績效提高時，得依其情形給付廠商獎勵性報酬。前項獎勵性報酬之給付方式如下，由機關於招標文件中訂明：一、屬服務費用降低者，為所減省之契約價金金額之一定比率。二、屬實際績效提高者，依契約所載計算方式給付。前項第一款一定比率，以不逾百分之五十為限；第二款給付金額，以不逾契約價金總額或契約價金上限之百分之十為限。,關於招標文件規定就得標廠商實際績效提高時給予獎勵性報酬，該獎勵性報酬以契約價金總額或契約價金上限之多少比率為限？,valid_ 37,207,百分之十
特別採購招標決標處理辦法，第六條 ，機關依本法第一百零五條第一項第一款及第二款辦理採購之決標，應符合下列原則：一、不及與廠商簽訂契約者，應先有書面、電報或傳真協議。二、不及與廠商確定契約總價者，應先確定單價及工作範圍。三、付款條件應能維護公款支用之安全性。,機關依採購法第105條第1項第2款規定辦理採購，敘述何者為正確？,valid_ 39,57,不及與廠商簽訂契約者，應先有書面、電報或傳真協議
押保辦法全文，第九條 ，押標金之額度，得為一定金額或標價之一定比率，由機關於招標文件中擇定之。前項一定金額，以不逾預算金額或預估採購總額之百分之五為原則；一定比率，以不逾標價之百分之五為原則。但不得逾新臺幣五千萬元。採單價決標之採購，押標金應為一定金額。,押標金之額度，得為一定金額或標價之一定比率，一定比率，以不逾標價之百分之五為原則。但不得逾新臺幣多少元？,valid_ 43,103,五千萬元
機關辦理設計競賽廠商評選及計費辦法，第十四條 ，廠商之服務費用，得於契約規定於訂約後預付一部分，其餘按月或分期支付。但各次付款金額及條件應予訂明。前項預付一部分者，以不逾契約價金總額或契約價金上限之百分之三十為原則。,機關委託廠商辦理專業服務，得於契約規定於訂約後預付一部分，但以契約總額或預估給付總額之比率上限為何？,valid_ 45,99,百分之三十
招標期限標準，第三條 ，機關辦理選擇性招標之廠商資格預先審查，其公告自刊登政府株購公報日起至截止收件日止之等標期，應視案件性質與廠商準備及遞送資格文件所需時間合理訂定之。前項等標期，除本標準或我國締結之條約或協定另有規定者外，不得少於下列期限：、未達公告金額之採購：七日。、公告金額以上未達巨額之採購：十日。、巨額之採購：十四日。機關邀請第一項符合資格之廠商投標，其自邀標日起至截止投標日止之等標期，準用前條第二項規定。,機關辦理非適用WTO政府採購協定之採購選擇性招標之廠商資格預先審查，巨額之採購，其等標期（未提供電子領投標及公開閱覽）不得少於幾日？,valid_ 49,161,十四日
中央機關未達公告金額採購監辦辦法，第三條 1，主(會)計或有關單位對於前條通知，其有下列情形之一者，得不派員監辦：一、地區偏遠。二、經常性採購。三、重複性採購，已有監辦前例。四、採購標的於市場已普遍銷售。五、依本法第四十條規定洽由其他具有專業能力之機關代辦。六、利用本法第九十三條共同供應契約辦理之採購。七、以會議審查方式辦理勞務採購驗收者。八、以書面或電子化方式進行開標、比價、議價、決標及驗收程序，而以會簽主(會)計或有關單位方式處理者。,何種採購不允許採統包方式辦理？,valid_ 52,163,勞務採購
第二章招標，第三十三條，廠商之投標文件，應以書面密封，於投標截止期限前，以郵遞或專人送達招標機關或其指定之場所。前項投標文件，廠商得以電子資料傳輸方式遞送。但以招標文件已有訂明者為限，並應於規定期限前遞送正式文件。機關得於招標文件中規定允許廠商於開標前補正非契約必要之點之文件。,廠商電子投標者，應於何時將所有電子投標文件傳輸至主管機關指定之資訊系統？,valid_ 54,28,投標截止期限前
押保辦法全文，第十五條 ，履約保證金之額度，得為一定金額或契約金額之一定比率，由機關於招標文件中擇定之。前項一定金額，以不逾預算金額或預估採購總額之百分之十為原則；一定比率，以不逾契約金額之百分之十為原則。採單價決標之採購，履約保證金應為一定金額。,履約保證金以不逾契約金額百分之多少為原則？,valid_ 63,74,百分之十
第六章爭議處理，第八十五條之一，機關與廠商因履約爭議未能達成協議者，得以下列方式之一處理：一、向採購申訴審議委員會申請調解。二、向仲裁機構提付仲裁。前項調解屬廠商申請者，機關不得拒絕。前項調解屬廠商申請者，機關不得拒絕。工程及技術服務採購之調解，採購申訴審議委員會應提出調解建議或調解方案；其因機關不同意致調解不成立者，廠商提付仲裁，機關不得拒絕。採購申訴審議委員會辦理調解之程序及其效力，除本法有特別規定者外，準用民事訴訟法有關調解之規定。履約爭議調解規則，由主管機關擬訂，報請行政院核定後發布之。,機關與廠商因採購履約爭議未能達成協議者，得向採購申訴審議委員會申請？,valid_ 69,59,調解
政府採購公告及公報發行辦法，第六條 ，下列資訊得公開於採購網站，必要時並得刊登採購公報：一、本法第八十二條第一項採購申訴審議委員會之審議判斷。二、本法第八十五條之一採購申訴審議委員會之調解文書。三、未達公告金額採購之決標公告。四、與政府採購有關之法令、司法裁判、訴願決定、仲裁判斷或宣導資訊。五、財物之變賣或出租公告。六、須為公示送達而刊登之政府採購有關文書或其節本。七、其他與政府採購有關之資訊。,未達公告金額採購之決標公告？,valid_ 70,23,得公開於採購網站，必要時並得刊登採購公報
投標廠商資格與特殊或巨額採購認定標準，第四條 2，機關依第二條第二款訂定與履約能力有關之基本資格時，得依採購案件之特性及實際需要，就下列事項擇定廠商應附具之證明文件或物品：三、廠商或其受雇人、從業人員具有專門技能之證明。如政府機關或其授權機構核發之專業、專技或特許證書、執照、考試及格證書、合格證書、檢定證明或其他類似之文件。四、廠商具有維修、維護或售後服務能力之證明。如維修人員經專業訓練之證明、設立或具有或承喏於得標後一定期間内建立自有或特約維修站或場所之證明等。第一項第三款證明，除依法令就一定專門技能人員之人數為規定者外，不得對其人數予以限制。,何者係屬「與履約能力有關」之投標廠商基本資格？,valid_ 71,186,維修人員經專業訓練之證明
第一章總則，第十二條，機關辦理查核金額以上採購之開標、比價、議價、決標及驗收時，應於規定期限內，檢送相關文件報請上級機關派員監辦；上級機關得視事實需要訂定授權條件，由機關自行辦理。機關辦理未達查核金額之採購，其決標金額達查核金額者，或契約變更後其金額達查核金額者，機關應補具相關文件送上級機關備查。查核金額由主管機關定之。,機關辦理公告金額以上採購，除有特殊情形者外，應由其主(會)計及有關單位會同監辦。何者為屬監辦事項？,valid_ 87,24,開標、比價、議價、決標及驗收
